Fin de la période,Pays,Code du territoire CLDR,Produit,Motif,Ordonnances du tribunal,"Pouvoir exécutif, police, etc.",Éléments dont la suppression a été demandée
12/31/2009,Corée du Sud,KR,Google Actualités,,0,1,
12/31/2009,Corée du Sud,KR,Recherche sur le Web Google,,0,18,
12/31/2009,Corée du Sud,KR,Recherche sur le Web Google : recherches associées,,0,1,
12/31/2009,Corée du Sud,KR,Blogger,,0,1,
12/31/2009,Corée du Sud,KR,Google AdWords,,0,38,
12/31/2009,Corée du Sud,KR,"Google Earth, Google Maps et Panoramio",,0,2,
12/31/2009,Corée du Sud,KR,Google Shopping,,0,1,
12/31/2009,Corée du Sud,KR,Street View,,0,2,
12/31/2009,Argentine,AR,Recherche sur le Web Google,,31,0,
12/31/2009,Argentine,AR,Google Images,,7,0,
12/31/2009,Argentine,AR,Blogger,,3,1,
12/31/2009,Canada,CA,Recherche sur le Web Google,,0,1,
12/31/2009,Canada,CA,Blogger,,0,1,
12/31/2009,Canada,CA,Google Groupes,,2,0,
12/31/2009,Canada,CA,YouTube,,0,12,
12/31/2009,Australie,AU,Recherche sur le Web Google,,0,1,
12/31/2009,Australie,AU,Blogger,,0,1,
12/31/2009,Australie,AU,"Google Earth, Google Maps et Panoramio",,0,1,
12/31/2009,Australie,AU,YouTube,,0,14,
12/31/2009,Espagne,ES,Recherche sur le Web Google,,1,11,
12/31/2009,Espagne,ES,Blogger,,3,2,
12/31/2009,Espagne,ES,YouTube,,4,11,
12/31/2009,États-Unis,US,Recherche sur le Web Google,,22,5,
12/31/2009,États-Unis,US,Blogger,,6,6,
12/31/2009,États-Unis,US,Google Groupes,,4,1,
12/31/2009,États-Unis,US,Google AdWords,,2,1,
12/31/2009,États-Unis,US,"Google Earth, Google Maps et Panoramio",,0,1,
12/31/2009,États-Unis,US,YouTube,,7,63,
12/31/2009,États-Unis,US,Google Livres,,0,1,
12/31/2009,États-Unis,US,Google Apps,,1,0,
12/31/2009,États-Unis,US,Gmail,,1,0,
12/31/2009,États-Unis,US,orkut,,0,1,
12/31/2009,États-Unis,US,Google Vidéos,,1,0,
12/31/2009,Royaume-Uni,GB,Recherche sur le Web Google,,8,2,
12/31/2009,Royaume-Uni,GB,Google Images,,1,1,
12/31/2009,Royaume-Uni,GB,Blogger,,0,1,
12/31/2009,Royaume-Uni,GB,Google Groupes,,1,0,
12/31/2009,Royaume-Uni,GB,Google AdWords,,0,1,
12/31/2009,Royaume-Uni,GB,"Google Earth, Google Maps et Panoramio",,0,1,
12/31/2009,Royaume-Uni,GB,YouTube,,0,43,
12/31/2009,Allemagne,DE,Recherche sur le Web Google,,94,4,
12/31/2009,Allemagne,DE,Google Images,,1,0,
12/31/2009,Allemagne,DE,Blogger,,7,3,
12/31/2009,Allemagne,DE,Recherche sur le Web Google : saisie semi-automatique,,4,0,
12/31/2009,Allemagne,DE,YouTube,,3,70,
12/31/2009,Allemagne,DE,Google Vidéos,,0,2,
12/31/2009,Italie,IT,Recherche sur le Web Google,,2,0,
12/31/2009,Italie,IT,Blogger,,7,1,
12/31/2009,Italie,IT,Google Groupes,,1,0,
12/31/2009,Italie,IT,YouTube,,6,39,
12/31/2009,Italie,IT,Google Vidéos,,0,1,
12/31/2009,Inde,IN,Recherche sur le Web Google,,0,2,
12/31/2009,Inde,IN,Google SMS Channels,,0,1,
12/31/2009,Inde,IN,Blogger,,0,2,
12/31/2009,Inde,IN,"Google Earth, Google Maps et Panoramio",,0,2,
12/31/2009,Inde,IN,YouTube,,0,15,
12/31/2009,Inde,IN,Google Livres,,1,0,
12/31/2009,Inde,IN,orkut,,0,119,
12/31/2009,Brésil,BR,Recherche sur le Web Google,,9,0,
12/31/2009,Brésil,BR,Blogger,,21,5,
12/31/2009,Brésil,BR,Recherche sur le Web Google : saisie semi-automatique,,0,1,
12/31/2009,Brésil,BR,YouTube,,32,1,
12/31/2009,Brésil,BR,Gmail,,4,0,
12/31/2009,Brésil,BR,orkut,,99,119,
06/30/2010,Corée du Sud,KR,Recherche sur le Web Google,,0,92,15497
06/30/2010,Corée du Sud,KR,Textcube,,0,1,1
06/30/2010,Corée du Sud,KR,Google AdWords,,0,1,51
06/30/2010,Suisse,CH,Recherche sur le Web Google,,4,0,23
06/30/2010,Suisse,CH,YouTube,,0,1,10
06/30/2010,Argentine,AR,Recherche sur le Web Google,,7,0,0
06/30/2010,Argentine,AR,Google Images,,3,0,73
06/30/2010,Argentine,AR,Blogger,,2,0,2
06/30/2010,Israël,IL,Recherche sur le Web Google,,3,1,15
06/30/2010,Australie,AU,Recherche sur le Web Google,,7,0,316
06/30/2010,Australie,AU,Google Groupes,,1,0,314
06/30/2010,Australie,AU,"Google Earth, Google Maps et Panoramio",,0,1,1
06/30/2010,Australie,AU,YouTube,,2,2,7
06/30/2010,Australie,AU,Gmail,,0,1,1
06/30/2010,Libye,LY,YouTube,,0,147,1160
06/30/2010,Libye,LY,Google Vidéos,,0,2,17
06/30/2010,Espagne,ES,Recherche sur le Web Google,,0,35,55
06/30/2010,Espagne,ES,Blogger,,0,4,4
06/30/2010,Espagne,ES,Google Groupes,,0,1,1
06/30/2010,Espagne,ES,YouTube,,12,4,18
06/30/2010,France,FR,Recherche sur le Web Google,,6,0,14
06/30/2010,France,FR,Blogger,,4,0,6
06/30/2010,France,FR,Recherche sur le Web Google : saisie semi-automatique,,2,0,2
06/30/2010,France,FR,YouTube,,2,11,14
06/30/2010,Turquie,TR,Recherche sur le Web Google,,4,0,6
06/30/2010,Turquie,TR,Picasa Albums Web,,1,0,75
06/30/2010,États-Unis,US,Recherche sur le Web Google,,30,2,66
06/30/2010,États-Unis,US,Blogger,,8,0,45
06/30/2010,États-Unis,US,Google Groupes,,7,0,394
06/30/2010,États-Unis,US,Google AdWords,,1,0,1
06/30/2010,États-Unis,US,"Google Earth, Google Maps et Panoramio",,2,0,2
06/30/2010,États-Unis,US,YouTube,,31,46,169
06/30/2010,États-Unis,US,Google Vidéos,,1,0,1
06/30/2010,Royaume-Uni,GB,Recherche sur le Web Google,,8,0,144
06/30/2010,Royaume-Uni,GB,Blogger,,1,0,1
06/30/2010,Royaume-Uni,GB,Google Groupes,,1,0,1
06/30/2010,Royaume-Uni,GB,YouTube,,6,29,54
06/30/2010,Royaume-Uni,GB,Google Vidéos,,3,0,32
06/30/2010,Allemagne,DE,Recherche sur le Web Google,,47,1,1094
06/30/2010,Allemagne,DE,Blogger,,8,0,11
06/30/2010,Allemagne,DE,Recherche sur le Web Google : saisie semi-automatique,,2,0,3
06/30/2010,Allemagne,DE,YouTube,,17,46,295
06/30/2010,Allemagne,DE,Google Livres,,2,0,2
06/30/2010,Allemagne,DE,Google Vidéos,,1,0,2
06/30/2010,Italie,IT,Blogger,,11,1,15
06/30/2010,Italie,IT,Google Groupes,,1,0,1
06/30/2010,Italie,IT,YouTube,,19,37,1639
06/30/2010,Japon,JP,Recherche sur le Web Google,,7,0,31
06/30/2010,Inde,IN,Recherche sur le Web Google,,2,5,13
06/30/2010,Inde,IN,Blogger,,2,3,9
06/30/2010,Inde,IN,YouTube,,1,11,97
06/30/2010,Inde,IN,Google Livres,,1,0,1
06/30/2010,Inde,IN,orkut,,2,3,5
06/30/2010,Taïwan,TW,Recherche sur le Web Google,,0,7,8
06/30/2010,Taïwan,TW,Blogger,,0,2,2
06/30/2010,Taïwan,TW,YouTube,,0,2,2
06/30/2010,Autriche,AT,Recherche sur le Web Google,,2,0,143
06/30/2010,Brésil,BR,Recherche sur le Web Google,,13,0,275
06/30/2010,Brésil,BR,Blogger,,15,0,98
06/30/2010,Brésil,BR,Picasa Albums Web,,1,0,18318
06/30/2010,Brésil,BR,"Google Earth, Google Maps et Panoramio",,1,0,1
06/30/2010,Brésil,BR,YouTube,,46,1,67
06/30/2010,Brésil,BR,Gmail,,1,0,1
06/30/2010,Brésil,BR,orkut,,99,220,1045
06/30/2010,Brésil,BR,Google Vidéos,,1,0,1
12/31/2010,Russie,RU,Recherche sur le Web Google,Autre,0,1,10
12/31/2010,Belgique,BE,YouTube,Confidentialité et sécurité,0,1,1
12/31/2010,Hong Kong,HK,YouTube,Autre,0,1,4
12/31/2010,Corée du Sud,KR,Google AdWords,Autre,0,1,51
12/31/2010,Corée du Sud,KR,Recherche sur le Web Google,Diffamation,3,0,5
12/31/2010,Corée du Sud,KR,Blogger,Confidentialité et sécurité,3,0,8
12/31/2010,Corée du Sud,KR,YouTube,Confidentialité et sécurité,0,1,1
12/31/2010,Corée du Sud,KR,Android Market,Autre,0,3,10
12/31/2010,Corée du Sud,KR,Recherche sur le Web Google,Confidentialité et sécurité,0,127,32076
12/31/2010,Corée du Sud,KR,Textcube,Confidentialité et sécurité,1,0,1
12/31/2010,Pays-Bas,NL,YouTube,Autre,1,1,3
12/31/2010,Pays-Bas,NL,YouTube,Incitation à la haine,0,2,2
12/31/2010,Suisse,CH,Recherche sur le Web Google,Diffamation,3,0,13
12/31/2010,Suisse,CH,Blogger,Diffamation,1,0,5
12/31/2010,Grèce,GR,YouTube,Violence,0,1,1
12/31/2010,Argentine,AR,Google Images,Confidentialité et sécurité,1,0,3
12/31/2010,Argentine,AR,Recherche sur le Web Google,Diffamation,18,0,70
12/31/2010,Argentine,AR,Blogger,Diffamation,2,1,3
12/31/2010,Nouvelle-Zélande,NZ,YouTube,Autre,2,0,2
12/31/2010,Nouvelle-Zélande,NZ,YouTube,Incitation à la haine,0,1,1
12/31/2010,Canada,CA,Recherche sur le Web Google,Diffamation,3,0,12
12/31/2010,Canada,CA,Blogger,Diffamation,3,0,3
12/31/2010,Canada,CA,YouTube,Diffamation,1,0,8
12/31/2010,Australie,AU,YouTube,Autre,0,1,2
12/31/2010,Australie,AU,YouTube,Incitation à la haine,0,1,2
12/31/2010,Australie,AU,YouTube,Droits d'auteur,0,1,1
12/31/2010,Australie,AU,YouTube,Confidentialité et sécurité,0,2,2
12/31/2010,Libye,LY,YouTube,Autre,0,60,189
12/31/2010,Libye,LY,YouTube,Confidentialité et sécurité,0,8,14
12/31/2010,Thaïlande,TH,YouTube,Critiques à l'égard du gouvernement,0,1,43
12/31/2010,Espagne,ES,YouTube,Autre,2,0,19
12/31/2010,Espagne,ES,Blogger,Confidentialité et sécurité,0,4,4
12/31/2010,Espagne,ES,Blogger,Diffamation,6,0,7
12/31/2010,Espagne,ES,YouTube,Confidentialité et sécurité,1,1,8
12/31/2010,Espagne,ES,Blogger,Autre,1,0,1
12/31/2010,Espagne,ES,Recherche sur le Web Google,Confidentialité et sécurité,1,17,25
12/31/2010,Espagne,ES,YouTube,Diffamation,1,0,3
12/31/2010,France,FR,Recherche sur le Web Google,Diffamation,10,0,87
12/31/2010,France,FR,Google Documents,Diffamation,1,0,5
12/31/2010,France,FR,Blogger,Diffamation,5,0,15
12/31/2010,France,FR,YouTube,Contenu réservé aux adultes,0,2,2
12/31/2010,France,FR,YouTube,Incitation à la haine,0,3,4
12/31/2010,France,FR,YouTube,Confidentialité et sécurité,0,1,2
12/31/2010,France,FR,Gmail,Usurpation d'identité,1,0,1
12/31/2010,Malaisie,MY,Recherche sur le Web Google,Diffamation,0,1,1
12/31/2010,Malaisie,MY,YouTube,Incitation à la haine,0,1,1
12/31/2010,Mexique,MX,YouTube,Autre,0,1,5
12/31/2010,Mexique,MX,Blogger,Autre,1,0,2
12/31/2010,Turquie,TR,Recherche sur le Web Google,Diffamation,3,0,4
12/31/2010,Turquie,TR,YouTube,Autre,1,0,1
12/31/2010,Turquie,TR,YouTube,Critiques à l'égard du gouvernement,1,0,9
12/31/2010,Turquie,TR,YouTube,Confidentialité et sécurité,1,0,5
12/31/2010,États-Unis,US,Gmail,Autre,1,0,1
12/31/2010,États-Unis,US,Recherche sur le Web Google,Diffamation,17,0,77
12/31/2010,États-Unis,US,YouTube,Sécurité nationale,0,1,1
12/31/2010,États-Unis,US,YouTube,Autre,1,10,36
12/31/2010,États-Unis,US,Blogger,Diffamation,8,0,36
12/31/2010,États-Unis,US,Google Groupes,Diffamation,6,0,1110
12/31/2010,États-Unis,US,YouTube,Confidentialité et sécurité,0,3,3
12/31/2010,États-Unis,US,Blogger,Autre,2,0,3
12/31/2010,États-Unis,US,Google Vidéos,Autre,1,0,1
12/31/2010,États-Unis,US,YouTube,Diffamation,3,0,152
12/31/2010,États-Unis,US,YouTube,Violence,0,1,1
12/31/2010,Pakistan,PK,YouTube,Incitation à la haine,0,2,2
12/31/2010,Croatie,HR,Recherche sur le Web Google,Diffamation,0,1,1
12/31/2010,Royaume-Uni,GB,Google Images,Diffamation,2,0,41
12/31/2010,Royaume-Uni,GB,Blogger,Diffamation,1,0,3
12/31/2010,Royaume-Uni,GB,YouTube,Incitation à la haine,0,1,1
12/31/2010,Royaume-Uni,GB,Blogger,Autre,2,0,2
12/31/2010,Royaume-Uni,GB,Google Images,Confidentialité et sécurité,2,0,13
12/31/2010,Royaume-Uni,GB,Google AdWords,Autre,0,2,93360
12/31/2010,Royaume-Uni,GB,Street View,Confidentialité et sécurité,0,2,2
12/31/2010,Royaume-Uni,GB,Recherche sur le Web Google,Diffamation,5,0,17
12/31/2010,Royaume-Uni,GB,YouTube,Autre,1,13,30
12/31/2010,Royaume-Uni,GB,Google Vidéos,Confidentialité et sécurité,2,0,20
12/31/2010,Royaume-Uni,GB,YouTube,Confidentialité et sécurité,0,2,9
12/31/2010,Royaume-Uni,GB,Recherche sur le Web Google,Confidentialité et sécurité,2,0,18
12/31/2010,Royaume-Uni,GB,Blogger,Droits d'auteur,1,0,2
12/31/2010,Allemagne,DE,Google Images,Diffamation,2,0,4
12/31/2010,Allemagne,DE,Blogger,Diffamation,4,0,4
12/31/2010,Allemagne,DE,YouTube,Incitation à la haine,0,11,140
12/31/2010,Allemagne,DE,YouTube,Contenu réservé aux adultes,0,1,1
12/31/2010,Allemagne,DE,YouTube,Droits d'auteur,0,1,6
12/31/2010,Allemagne,DE,Street View,Confidentialité et sécurité,0,1,1
12/31/2010,Allemagne,DE,Recherche sur le Web Google,Diffamation,59,0,1351
12/31/2010,Allemagne,DE,YouTube,Critiques à l'égard du gouvernement,0,1,1
12/31/2010,Allemagne,DE,YouTube,Autre,1,8,179
12/31/2010,Allemagne,DE,Google Sites,Diffamation,1,0,1
12/31/2010,Allemagne,DE,Recherche sur le Web Google,Autre,0,5,162
12/31/2010,Allemagne,DE,YouTube,Confidentialité et sécurité,2,12,54
12/31/2010,Allemagne,DE,YouTube,Diffamation,3,4,26
12/31/2010,Allemagne,DE,YouTube,Violence,0,2,2
12/31/2010,Italie,IT,Blogger,Diffamation,13,0,15
12/31/2010,Italie,IT,YouTube,Contenu réservé aux adultes,1,4,5
12/31/2010,Italie,IT,YouTube,Incitation à la haine,0,1,1
12/31/2010,Italie,IT,Google Groupes,Contenu réservé aux adultes,1,0,1
12/31/2010,Italie,IT,Recherche sur le Web Google,Diffamation,1,0,20
12/31/2010,Italie,IT,Gmail,Autre,1,0,3
12/31/2010,Italie,IT,YouTube,Autre,1,8,14
12/31/2010,Italie,IT,Google Vidéos,Diffamation,1,0,1
12/31/2010,Italie,IT,Blogger,Contenu réservé aux adultes,1,0,1
12/31/2010,Italie,IT,YouTube,Confidentialité et sécurité,4,0,28
12/31/2010,Italie,IT,YouTube,Diffamation,6,4,19
12/31/2010,Italie,IT,YouTube,Violence,0,1,21
12/31/2010,Italie,IT,Blogger,Droits d'auteur,1,0,2
12/31/2010,Viêt Nam,VN,Recherche sur le Web Google,Autre,1,0,1
12/31/2010,Japon,JP,Recherche sur le Web Google,Diffamation,1,0,2
12/31/2010,Japon,JP,YouTube,Autre,0,8,15
12/31/2010,Japon,JP,YouTube,Confidentialité et sécurité,0,7,11
12/31/2010,Japon,JP,YouTube,Diffamation,10,0,10
12/31/2010,Inde,IN,Google Images,Diffamation,0,1,1
12/31/2010,Inde,IN,Blogger,Confidentialité et sécurité,1,0,1
12/31/2010,Inde,IN,Recherche sur le Web Google,Sécurité nationale,0,1,16
12/31/2010,Inde,IN,Blogger,Diffamation,1,10,17
12/31/2010,Inde,IN,Recherche sur le Web Google,Contenu réservé aux adultes,1,1,4
12/31/2010,Inde,IN,YouTube,Incitation à la haine,0,5,11
12/31/2010,Inde,IN,YouTube,Contenu réservé aux adultes,0,5,6
12/31/2010,Inde,IN,Blogger,Autre,1,1,2
12/31/2010,Inde,IN,Profils Google,Contenu réservé aux adultes,0,2,2
12/31/2010,Inde,IN,Recherche sur le Web Google,Diffamation,0,5,15
12/31/2010,Inde,IN,YouTube,Critiques à l'égard du gouvernement,0,3,10
12/31/2010,Inde,IN,YouTube,Autre,0,9,19
12/31/2010,Inde,IN,Blogger,Contenu réservé aux adultes,1,3,9
12/31/2010,Inde,IN,Recherche sur le Web Google,Autre,0,1,13
12/31/2010,Inde,IN,YouTube,Confidentialité et sécurité,0,2,53
12/31/2010,Inde,IN,Recherche sur le Web Google,Usurpation d'identité,0,1,2
12/31/2010,Inde,IN,YouTube,Diffamation,1,10,100
12/31/2010,Inde,IN,Blogger,Critiques à l'égard du gouvernement,0,1,1
12/31/2010,Danemark,DK,YouTube,Autre,0,1,2
12/31/2010,Norvège,NO,YouTube,Confidentialité et sécurité,0,1,3
12/31/2010,Taïwan,TW,"Google Earth, Google Maps et Panoramio",Autre,0,1,1
12/31/2010,Taïwan,TW,Recherche sur le Web Google,Autre,0,1,1
12/31/2010,Taïwan,TW,Recherche sur le Web Google,Contenu réservé aux adultes,0,1,1
12/31/2010,Taïwan,TW,Recherche sur le Web Google,Confidentialité et sécurité,0,1,1
12/31/2010,Singapour,SG,YouTube,Diffamation,0,1,1
12/31/2010,Panama,PA,Recherche sur le Web Google,Diffamation,1,0,1
12/31/2010,Brésil,BR,orkut,Usurpation d'identité,25,1,56
12/31/2010,Brésil,BR,Blogger,Diffamation,10,0,21
12/31/2010,Brésil,BR,YouTube,Usurpation d'identité,3,0,3
12/31/2010,Brésil,BR,Blogger,Autre,9,0,20
12/31/2010,Brésil,BR,orkut,Diffamation,8,108,315
12/31/2010,Brésil,BR,orkut,Droit électoral,1,0,2
12/31/2010,Brésil,BR,orkut,Incitation à la haine,0,2,3
12/31/2010,Brésil,BR,YouTube,Autre,15,1,65
12/31/2010,Brésil,BR,YouTube,Critiques à l'égard du gouvernement,4,0,9
12/31/2010,Brésil,BR,Picasa Albums Web,Confidentialité et sécurité,1,0,4
12/31/2010,Brésil,BR,Recherche sur le Web Google,Autre,1,0,1
12/31/2010,Brésil,BR,Blogger,Droits d'auteur,1,0,1
12/31/2010,Brésil,BR,Google Images,Diffamation,2,0,4
12/31/2010,Brésil,BR,orkut,Droits d'auteur,1,0,13
12/31/2010,Brésil,BR,YouTube,Droit électoral,18,0,33
12/31/2010,Brésil,BR,YouTube,Contenu réservé aux adultes,1,0,1
12/31/2010,Brésil,BR,Blogger,Usurpation d'identité,1,0,1
12/31/2010,Brésil,BR,Picasa Albums Web,Droits d'auteur,3,0,11574
12/31/2010,Brésil,BR,Recherche sur le Web Google,Diffamation,5,0,16
12/31/2010,Brésil,BR,YouTube,Confidentialité et sécurité,7,3,18
12/31/2010,Brésil,BR,Google AdWords,Confidentialité et sécurité,0,1,4
12/31/2010,Brésil,BR,orkut,Critiques à l'égard du gouvernement,1,0,1
12/31/2010,Brésil,BR,Google Adresses,Usurpation d'identité,2,0,8
12/31/2010,Brésil,BR,YouTube,Diffamation,27,1,190
12/31/2010,Malte,MT,YouTube,Autre,0,1,2
06/30/2011,Russie,RU,Blogger,Confidentialité et sécurité,0,3,4
06/30/2011,Russie,RU,YouTube,Diffamation,0,1,1
06/30/2011,Belgique,BE,Blogger,Diffamation,2,0,2
06/30/2011,Belgique,BE,YouTube,Confidentialité et sécurité,0,3,5
06/30/2011,Corée du Sud,KR,Blogger,Confidentialité et sécurité,0,12,15
06/30/2011,Corée du Sud,KR,Google App Engine,Confidentialité et sécurité,0,1,1
06/30/2011,Corée du Sud,KR,Blogger,Autre,0,2,2
06/30/2011,Corée du Sud,KR,Google AdWords,Autre,0,1,441
06/30/2011,Corée du Sud,KR,Recherche sur le Web Google,Diffamation,0,4,18
06/30/2011,Corée du Sud,KR,orkut,Confidentialité et sécurité,0,1,2
06/30/2011,Corée du Sud,KR,Recherche sur le Web Google,Autre,0,9,95
06/30/2011,Corée du Sud,KR,YouTube,Confidentialité et sécurité,0,44,52
06/30/2011,Corée du Sud,KR,Recherche sur le Web Google,Confidentialité et sécurité,0,9,13
06/30/2011,Corée du Sud,KR,Recherche sur le Web Google,Usurpation d'identité,0,1,3
06/30/2011,Corée du Sud,KR,Google AdWords,Confidentialité et sécurité,0,2,2
06/30/2011,Corée du Sud,KR,Profils Google,Confidentialité et sécurité,0,2,2
06/30/2011,Pays-Bas,NL,Blogger,Confidentialité et sécurité,1,0,12
06/30/2011,Pays-Bas,NL,Blogger,Diffamation,1,0,2
06/30/2011,Pays-Bas,NL,YouTube,Contenu réservé aux adultes,0,1,1
06/30/2011,Pays-Bas,NL,YouTube,Confidentialité et sécurité,0,1,1
06/30/2011,Suisse,CH,Recherche sur le Web Google,Diffamation,1,0,2
06/30/2011,Suisse,CH,Google Sites,Diffamation,1,0,1
06/30/2011,Suisse,CH,YouTube,Diffamation,1,0,2
06/30/2011,Grèce,GR,YouTube,Autre,1,0,2
06/30/2011,Nouvelle-Zélande,NZ,Recherche sur le Web Google,Diffamation,1,0,1
06/30/2011,Nouvelle-Zélande,NZ,YouTube,Autre,0,2,3
06/30/2011,Nouvelle-Zélande,NZ,YouTube,Confidentialité et sécurité,0,1,2
06/30/2011,Nouvelle-Zélande,NZ,Blogger,Autre,0,1,1
06/30/2011,Argentine,AR,Recherche sur le Web Google,Diffamation,6,0,34
06/30/2011,Argentine,AR,Google AdWords,Diffamation,0,1,4
06/30/2011,Argentine,AR,Blogger,Confidentialité et sécurité,1,0,1
06/30/2011,Argentine,AR,Blogger,Diffamation,4,0,5
06/30/2011,Argentine,AR,Recherche sur le Web Google,Autre,1,0,1
06/30/2011,Argentine,AR,Recherche sur le Web Google,Confidentialité et sécurité,8,0,14
06/30/2011,Suède,SE,YouTube,Confidentialité et sécurité,0,1,2
06/30/2011,Canada,CA,Recherche sur le Web Google,Diffamation,1,1,5
06/30/2011,Canada,CA,Gmail,Autre,0,1,1
06/30/2011,Canada,CA,YouTube,Autre,0,1,1
06/30/2011,Canada,CA,Blogger,Diffamation,1,0,1
06/30/2011,Canada,CA,YouTube,Confidentialité et sécurité,0,1,1
06/30/2011,Canada,CA,Blogger,Autre,1,0,1
06/30/2011,Canada,CA,YouTube,Diffamation,0,2,3
06/30/2011,Îles Cook,CK,Recherche sur le Web Google,Diffamation,1,0,1
06/30/2011,Îles Cook,CK,Google AdWords,Diffamation,1,0,1
06/30/2011,Australie,AU,YouTube,Autre,0,2,2
06/30/2011,Australie,AU,YouTube,Contenu réservé aux adultes,0,2,2
06/30/2011,Australie,AU,YouTube,Incitation à la haine,0,1,1
06/30/2011,Australie,AU,YouTube,Confidentialité et sécurité,0,1,1
06/30/2011,Australie,AU,Recherche sur le Web Google,Confidentialité et sécurité,2,0,2
06/30/2011,Australie,AU,YouTube,Diffamation,0,2,2
06/30/2011,Indonésie,ID,YouTube,Violence,0,1,1
06/30/2011,Israël,IL,Recherche sur le Web Google,Diffamation,1,0,1
06/30/2011,Israël,IL,Blogger,Diffamation,1,0,1
06/30/2011,Israël,IL,Recherche sur le Web Google,Autre,1,0,1
06/30/2011,Israël,IL,Recherche sur le Web Google,Confidentialité et sécurité,0,1,1
06/30/2011,Libye,LY,YouTube,Confidentialité et sécurité,0,2,5
06/30/2011,Thaïlande,TH,YouTube,Critiques à l'égard du gouvernement,0,2,225
06/30/2011,Colombie,CO,Google AdWords,Confidentialité et sécurité,0,1,1
06/30/2011,Espagne,ES,Google AdWords,Autre,0,1,8
06/30/2011,Espagne,ES,Gmail,Autre,0,1,1
06/30/2011,Espagne,ES,Picasa Albums Web,Autre,0,1,1
06/30/2011,Espagne,ES,Blogger,Contenu réservé aux adultes,0,1,1
06/30/2011,Espagne,ES,Blogger,Confidentialité et sécurité,0,3,3
06/30/2011,Espagne,ES,Blogger,Diffamation,3,1,7
06/30/2011,Espagne,ES,YouTube,Confidentialité et sécurité,1,2,4
06/30/2011,Espagne,ES,Blogger,Autre,0,3,3
06/30/2011,Espagne,ES,Recherche sur le Web Google,Confidentialité et sécurité,0,22,30
06/30/2011,France,FR,Recherche sur le Web Google,Diffamation,4,0,54
06/30/2011,France,FR,Blogger,Diffamation,2,0,12
06/30/2011,France,FR,"Google Earth, Google Maps et Panoramio",Diffamation,1,0,2
06/30/2011,France,FR,Google Groupes,Diffamation,1,0,180
06/30/2011,France,FR,YouTube,Confidentialité et sécurité,0,1,2
06/30/2011,Malaisie,MY,Blogger,Diffamation,0,1,1
06/30/2011,Turquie,TR,Blogger,Confidentialité et sécurité,2,0,12
06/30/2011,Turquie,TR,Blogger,Diffamation,1,1,2
06/30/2011,Turquie,TR,"Google Earth, Google Maps et Panoramio",Usurpation d'identité,1,0,1
06/30/2011,Turquie,TR,Recherche sur le Web Google,Contenu réservé aux adultes,2,1,53
06/30/2011,Turquie,TR,Google AdWords,Autre,0,1,1
06/30/2011,Turquie,TR,Recherche sur le Web Google,Diffamation,3,3,43
06/30/2011,Turquie,TR,YouTube,Critiques à l'égard du gouvernement,1,1,10
06/30/2011,Turquie,TR,YouTube,Autre,0,1,1
06/30/2011,Turquie,TR,Recherche sur le Web Google,Critiques à l'égard du gouvernement,0,1,6
06/30/2011,Turquie,TR,YouTube,Confidentialité et sécurité,1,14,122
06/30/2011,Turquie,TR,YouTube,Diffamation,0,3,16
06/30/2011,Turquie,TR,Blogger,Droits d'auteur,1,1,2
06/30/2011,États-Unis,US,Picasa Albums Web,Incitation à la haine,0,2,5
06/30/2011,États-Unis,US,Blogger,Confidentialité et sécurité,7,1,11
06/30/2011,États-Unis,US,Blogger,Diffamation,4,0,22
06/30/2011,États-Unis,US,"Google Earth, Google Maps et Panoramio",Diffamation,1,0,1
06/30/2011,États-Unis,US,Blogger,Autre,5,0,13
06/30/2011,États-Unis,US,Gmail,Usurpation d'identité,1,1,2
06/30/2011,États-Unis,US,"Google Earth, Google Maps et Panoramio",Autre,0,1,1
06/30/2011,États-Unis,US,Google AdWords,Autre,0,1,7
06/30/2011,États-Unis,US,YouTube,Autre,4,9,29
06/30/2011,États-Unis,US,YouTube,Critiques à l'égard du gouvernement,0,1,1
06/30/2011,États-Unis,US,Recherche sur le Web Google,Autre,0,1,1
06/30/2011,États-Unis,US,Google Groupes,Diffamation,5,0,379
06/30/2011,États-Unis,US,Recherche sur le Web Google,Confidentialité et sécurité,5,1,6
06/30/2011,États-Unis,US,Recherche sur le Web Google,Droits d'auteur,1,0,2
06/30/2011,États-Unis,US,Google Images,Droits d'auteur,1,0,2
06/30/2011,États-Unis,US,YouTube,Incitation à la haine,0,1,1
06/30/2011,États-Unis,US,Blogger,Usurpation d'identité,0,1,1
06/30/2011,États-Unis,US,YouTube,Sécurité nationale,0,1,1
06/30/2011,États-Unis,US,Recherche sur le Web Google,Diffamation,17,1,188
06/30/2011,États-Unis,US,"Google Earth, Google Maps et Panoramio",Confidentialité et sécurité,0,1,1
06/30/2011,États-Unis,US,YouTube,Confidentialité et sécurité,1,10,62
06/30/2011,États-Unis,US,Recherche sur le Web Google,Usurpation d'identité,1,0,1
06/30/2011,États-Unis,US,YouTube,Diffamation,1,2,16
06/30/2011,États-Unis,US,YouTube,Violence,0,2,3
06/30/2011,États-Unis,US,Google Livres,Diffamation,1,0,1
06/30/2011,Pakistan,PK,Blogger,Diffamation,1,0,1
06/30/2011,Royaume-Uni,GB,Blogger,Confidentialité et sécurité,1,0,1
06/30/2011,Royaume-Uni,GB,Blogger,Diffamation,1,0,1
06/30/2011,Royaume-Uni,GB,"Google Earth, Google Maps et Panoramio",Diffamation,0,1,1
06/30/2011,Royaume-Uni,GB,YouTube,Incitation à la haine,0,1,1
06/30/2011,Royaume-Uni,GB,Google Images,Confidentialité et sécurité,2,0,67
06/30/2011,Royaume-Uni,GB,Recherche sur le Web Google,Diffamation,4,0,14
06/30/2011,Royaume-Uni,GB,YouTube,Sécurité nationale,0,6,135
06/30/2011,Royaume-Uni,GB,YouTube,Autre,0,11,20
06/30/2011,Royaume-Uni,GB,Recherche sur le Web Google,Autre,1,0,1
06/30/2011,Royaume-Uni,GB,YouTube,Confidentialité et sécurité,1,32,61
06/30/2011,Royaume-Uni,GB,Recherche sur le Web Google,Confidentialité et sécurité,2,0,28
06/30/2011,Royaume-Uni,GB,YouTube,Violence,0,2,3
06/30/2011,Portugal,PT,Blogger,Diffamation,3,0,4
06/30/2011,Portugal,PT,YouTube,Confidentialité et sécurité,0,1,2
06/30/2011,Portugal,PT,Blogger,Autre,1,0,2
06/30/2011,Portugal,PT,YouTube,Diffamation,0,1,1
06/30/2011,Pologne,PL,Blogger,Diffamation,1,0,1
06/30/2011,Pologne,PL,Recherche sur le Web Google,Confidentialité et sécurité,0,1,70
06/30/2011,Pologne,PL,YouTube,Diffamation,0,1,1
06/30/2011,Allemagne,DE,Google Images,Diffamation,1,0,6
06/30/2011,Allemagne,DE,Blogger,Confidentialité et sécurité,1,0,1
06/30/2011,Allemagne,DE,Blogger,Diffamation,5,0,7
06/30/2011,Allemagne,DE,"Google Earth, Google Maps et Panoramio",Diffamation,1,0,1
06/30/2011,Allemagne,DE,YouTube,Incitation à la haine,1,14,322
06/30/2011,Allemagne,DE,YouTube,Contenu réservé aux adultes,0,3,5
06/30/2011,Allemagne,DE,Recherche sur le Web Google,Contenu réservé aux adultes,0,5,70
06/30/2011,Allemagne,DE,YouTube,Droits d'auteur,1,0,11
06/30/2011,Allemagne,DE,Google AdWords,Autre,1,0,115
06/30/2011,Allemagne,DE,Recherche sur le Web Google,Diffamation,50,1,1585
06/30/2011,Allemagne,DE,YouTube,Autre,0,3,35
06/30/2011,Allemagne,DE,Recherche sur le Web Google,Autre,0,3,12
06/30/2011,Allemagne,DE,Google Images,Contenu réservé aux adultes,0,1,19
06/30/2011,Allemagne,DE,YouTube,Confidentialité et sécurité,5,8,180
06/30/2011,Allemagne,DE,Recherche sur le Web Google,Confidentialité et sécurité,3,0,5
06/30/2011,Allemagne,DE,Gmail,Diffamation,1,0,1
06/30/2011,Allemagne,DE,YouTube,Diffamation,7,5,23
06/30/2011,Allemagne,DE,YouTube,Violence,0,5,7
06/30/2011,Italie,IT,Recherche sur le Web Google : saisie semi-automatique,Diffamation,1,0,1
06/30/2011,Italie,IT,Blogger,Confidentialité et sécurité,2,0,9
06/30/2011,Italie,IT,Blogger,Diffamation,6,1,18
06/30/2011,Italie,IT,Recherche sur le Web Google,Incitation à la haine,1,0,1
06/30/2011,Italie,IT,Recherche sur le Web Google,Diffamation,1,0,1
06/30/2011,Italie,IT,YouTube,Critiques à l'égard du gouvernement,0,2,2
06/30/2011,Italie,IT,YouTube,Autre,0,1,1
06/30/2011,Italie,IT,YouTube,Confidentialité et sécurité,1,2,6
06/30/2011,Italie,IT,Recherche sur le Web Google,Confidentialité et sécurité,2,0,2
06/30/2011,Italie,IT,YouTube,Diffamation,6,4,16
06/30/2011,Italie,IT,YouTube,Violence,2,2,18
06/30/2011,Italie,IT,Blogger,Droits d'auteur,3,0,6
06/30/2011,Sri Lanka,LK,YouTube,Autre,1,0,1
06/30/2011,Inde,IN,"Google Earth, Google Maps et Panoramio",Sécurité nationale,0,1,1
06/30/2011,Inde,IN,Picasa Albums Web,Autre,0,1,1
06/30/2011,Inde,IN,orkut,Usurpation d'identité,0,12,15
06/30/2011,Inde,IN,Blogger,Confidentialité et sécurité,0,4,4
06/30/2011,Inde,IN,Blogger,Diffamation,2,6,24
06/30/2011,Inde,IN,YouTube,Incitation à la haine,0,1,6
06/30/2011,Inde,IN,YouTube,Contenu réservé aux adultes,0,3,3
06/30/2011,Inde,IN,Blogger,Usurpation d'identité,0,1,1
06/30/2011,Inde,IN,Blogger,Autre,1,3,10
06/30/2011,Inde,IN,orkut,Diffamation,0,3,6
06/30/2011,Inde,IN,orkut,Confidentialité et sécurité,0,6,6
06/30/2011,Inde,IN,Recherche sur le Web Google,Diffamation,0,3,3
06/30/2011,Inde,IN,YouTube,Autre,0,4,6
06/30/2011,Inde,IN,YouTube,Critiques à l'égard du gouvernement,0,5,19
06/30/2011,Inde,IN,orkut,Incitation à la haine,0,2,2
06/30/2011,Inde,IN,YouTube,Confidentialité et sécurité,0,4,8
06/30/2011,Inde,IN,Recherche sur le Web Google,Confidentialité et sécurité,0,2,2
06/30/2011,Inde,IN,orkut,Autre,0,1,1
06/30/2011,Inde,IN,orkut,Critiques à l'égard du gouvernement,0,1,236
06/30/2011,Inde,IN,YouTube,Diffamation,0,2,6
06/30/2011,Norvège,NO,Google AdWords,Autre,0,2,1814
06/30/2011,Danemark,DK,YouTube,Violence,0,1,1
06/30/2011,Taïwan,TW,Google AdWords,Autre,0,8,54
06/30/2011,Taïwan,TW,Gmail,Autre,4,39,43
06/30/2011,Taïwan,TW,YouTube,Autre,0,5,5
06/30/2011,Taïwan,TW,Google Sites,Autre,0,1,1
06/30/2011,Taïwan,TW,Google AdWords,Droit électoral,1,0,1
06/30/2011,Taïwan,TW,Blogger,Autre,0,5,5
06/30/2011,Taïwan,TW,Gmail,Droits d'auteur,0,2,2
06/30/2011,Taïwan,TW,Gmail,Diffamation,0,3,3
06/30/2011,Taïwan,TW,YouTube,Diffamation,0,1,1
06/30/2011,Brésil,BR,orkut,Usurpation d'identité,20,9,46
06/30/2011,Brésil,BR,Blogger,Confidentialité et sécurité,2,2,5
06/30/2011,Brésil,BR,Blogger,Diffamation,33,0,93
06/30/2011,Brésil,BR,YouTube,Droits d'auteur,3,0,41
06/30/2011,Brésil,BR,Blogger,Usurpation d'identité,1,0,1
06/30/2011,Brésil,BR,Blogger,Autre,2,0,2
06/30/2011,Brésil,BR,Gmail,Usurpation d'identité,1,0,1
06/30/2011,Brésil,BR,orkut,Diffamation,26,6,104
06/30/2011,Brésil,BR,orkut,Contenu réservé aux adultes,0,1,1
06/30/2011,Brésil,BR,Google Sites,Confidentialité et sécurité,1,0,1
06/30/2011,Brésil,BR,orkut,Violence,0,2,8
06/30/2011,Brésil,BR,orkut,Confidentialité et sécurité,2,4,6
06/30/2011,Brésil,BR,Recherche sur le Web Google,Diffamation,8,1,51
06/30/2011,Brésil,BR,Gmail,Autre,1,0,2
06/30/2011,Brésil,BR,YouTube,Autre,2,0,2
06/30/2011,Brésil,BR,orkut,Incitation à la haine,0,7,9
06/30/2011,Brésil,BR,YouTube,Confidentialité et sécurité,2,0,5
06/30/2011,Brésil,BR,Google Groupes,Diffamation,1,0,1
06/30/2011,Brésil,BR,Recherche sur le Web Google,Confidentialité et sécurité,1,0,1
06/30/2011,Brésil,BR,orkut,Autre,9,49,206
06/30/2011,Brésil,BR,YouTube,Diffamation,25,1,104
06/30/2011,Brésil,BR,YouTube,Violence,0,2,2
06/30/2011,Irlande,IE,YouTube,Diffamation,0,1,1
12/31/2011,Ukraine,UA,Recherche sur le Web Google,Diffamation,1,0,4
12/31/2011,Ukraine,UA,Recherche sur le Web Google,Autre,1,0,4
12/31/2011,Russie,RU,Recherche sur le Web Google,Diffamation,1,0,1
12/31/2011,Russie,RU,Recherche sur le Web Google,Confidentialité et sécurité,0,1,1
12/31/2011,Russie,RU,YouTube,Diffamation,0,2,2
12/31/2011,Belgique,BE,YouTube,Autre,0,1,1
12/31/2011,Belgique,BE,Blogger,Diffamation,0,1,1
12/31/2011,Belgique,BE,YouTube,Contenu réservé aux adultes,0,2,2
12/31/2011,Belgique,BE,YouTube,Confidentialité et sécurité,0,1,2
12/31/2011,Belgique,BE,Blogger,Autre,1,0,4
12/31/2011,Belgique,BE,YouTube,Violence,0,5,5
12/31/2011,Corée du Sud,KR,Android Market,Droits d'auteur,0,1,1
12/31/2011,Corée du Sud,KR,Recherche sur le Web Google,Droits d'auteur,0,4,4
12/31/2011,Corée du Sud,KR,Blogger,Confidentialité et sécurité,0,8,11
12/31/2011,Corée du Sud,KR,"Google Earth, Google Maps et Panoramio",Diffamation,0,1,1
12/31/2011,Corée du Sud,KR,Blogger,Autre,0,2,2
12/31/2011,Corée du Sud,KR,Android Market,Autre,0,5,17
12/31/2011,Corée du Sud,KR,Recherche sur le Web Google,Diffamation,0,1,8
12/31/2011,Corée du Sud,KR,orkut,Confidentialité et sécurité,0,6,10
12/31/2011,Corée du Sud,KR,Recherche sur le Web Google,Autre,0,4,26
12/31/2011,Corée du Sud,KR,YouTube,Confidentialité et sécurité,0,51,53
12/31/2011,Corée du Sud,KR,Recherche sur le Web Google,Confidentialité et sécurité,0,13,105
12/31/2011,Corée du Sud,KR,Google Adresses,Diffamation,0,1,1
12/31/2011,Corée du Sud,KR,Blogger,Droits d'auteur,0,2,27
12/31/2011,Pays-Bas,NL,Recherche sur le Web Google,Diffamation,1,0,1
12/31/2011,Pays-Bas,NL,Blogger,Diffamation,0,1,1
12/31/2011,Suisse,CH,Recherche sur le Web Google,Diffamation,5,0,62
12/31/2011,Suisse,CH,Blogger,Diffamation,2,0,3
12/31/2011,Suisse,CH,YouTube,Confidentialité et sécurité,0,1,1
12/31/2011,Chypre,CY,YouTube,Confidentialité et sécurité,0,3,4
12/31/2011,Nouvelle-Zélande,NZ,Recherche sur le Web Google,Diffamation,1,0,3
12/31/2011,Argentine,AR,Recherche sur le Web Google : saisie semi-automatique,Incitation à la haine,2,0,6
12/31/2011,Argentine,AR,Recherche sur le Web Google,Diffamation,23,1,58
12/31/2011,Argentine,AR,Recherche sur le Web Google : saisie semi-automatique,Diffamation,0,1,2
12/31/2011,Argentine,AR,Google AdSense,Incitation à la haine,2,0,3
12/31/2011,Argentine,AR,Blogger,Diffamation,4,0,4
12/31/2011,Argentine,AR,Picasa Albums Web,Confidentialité et sécurité,1,0,16
12/31/2011,Argentine,AR,Recherche sur le Web Google,Autre,1,1,5
12/31/2011,Argentine,AR,YouTube,Incitation à la haine,0,1,2
12/31/2011,Argentine,AR,Recherche sur le Web Google,Incitation à la haine,3,0,100
12/31/2011,Argentine,AR,YouTube,Confidentialité et sécurité,0,1,1
12/31/2011,Argentine,AR,Recherche sur le Web Google,Confidentialité et sécurité,3,2,69
12/31/2011,Jordanie,JO,YouTube,Diffamation,0,1,1
12/31/2011,Suède,SE,Recherche sur le Web Google,Diffamation,1,0,2
12/31/2011,République tchèque,CZ,YouTube,Autre,0,1,1
12/31/2011,Canada,CA,Blogger,Diffamation,2,0,135
12/31/2011,Canada,CA,Blogger,Usurpation d'identité,0,1,1
12/31/2011,Canada,CA,Google AdWords,Autre,0,1,1
12/31/2011,Canada,CA,Recherche sur le Web Google,Diffamation,1,0,1
12/31/2011,Canada,CA,YouTube,Critiques à l'égard du gouvernement,0,1,1
12/31/2011,Canada,CA,YouTube,Autre,0,3,3
12/31/2011,Canada,CA,"Google Earth, Google Maps et Panoramio",Confidentialité et sécurité,0,1,1
12/31/2011,Canada,CA,YouTube,Confidentialité et sécurité,0,1,3
12/31/2011,Canada,CA,Google Adresses,Confidentialité et sécurité,0,1,7
12/31/2011,Canada,CA,Recherche sur le Web Google,Confidentialité et sécurité,1,0,1
12/31/2011,Canada,CA,YouTube,Diffamation,0,4,6
12/31/2011,Canada,CA,YouTube,Violence,0,2,2
12/31/2011,Îles Cook,CK,Recherche sur le Web Google,Diffamation,1,0,10
12/31/2011,Australie,AU,Recherche sur le Web Google,Diffamation,0,2,2
12/31/2011,Australie,AU,Street View,Confidentialité et sécurité,0,1,1
12/31/2011,Australie,AU,Blogger,Diffamation,2,0,2
12/31/2011,Australie,AU,"Google Earth, Google Maps et Panoramio",Diffamation,0,1,1
12/31/2011,Australie,AU,YouTube,Confidentialité et sécurité,0,5,6
12/31/2011,Australie,AU,Recherche sur le Web Google,Confidentialité et sécurité,4,1,633
12/31/2011,Australie,AU,YouTube,Violence,0,1,1
12/31/2011,Indonésie,ID,Blogger,Autre,1,0,1
12/31/2011,Israël,IL,Recherche sur le Web Google,Autre,0,1,74
12/31/2011,Israël,IL,YouTube,Confidentialité et sécurité,0,1,2
12/31/2011,Israël,IL,Recherche sur le Web Google,Confidentialité et sécurité,2,1,3
12/31/2011,Macédoine,MK,YouTube,Confidentialité et sécurité,0,2,2
12/31/2011,Thaïlande,TH,YouTube,Critiques à l'égard du gouvernement,0,4,149
12/31/2011,Colombie,CO,Blogger,Confidentialité et sécurité,0,1,1
12/31/2011,Colombie,CO,Blogger,Diffamation,0,1,1
12/31/2011,Colombie,CO,Blogger,Autre,0,2,2
12/31/2011,Espagne,ES,Gmail,Autre,2,0,2
12/31/2011,Espagne,ES,YouTube,Autre,2,2,9
12/31/2011,Espagne,ES,Blogger,Confidentialité et sécurité,1,0,1
12/31/2011,Espagne,ES,Blogger,Diffamation,4,0,4
12/31/2011,Espagne,ES,YouTube,Contenu réservé aux adultes,1,1,2
12/31/2011,Espagne,ES,YouTube,Confidentialité et sécurité,2,1,5
12/31/2011,Espagne,ES,Blogger,Autre,5,7,13
12/31/2011,Espagne,ES,Blogger,Usurpation d'identité,1,0,1
12/31/2011,Espagne,ES,Recherche sur le Web Google,Confidentialité et sécurité,0,14,270
12/31/2011,France,FR,Google Images,Confidentialité et sécurité,1,0,26
12/31/2011,France,FR,Recherche sur le Web Google,Diffamation,3,0,7
12/31/2011,France,FR,YouTube,Autre,0,4,4
12/31/2011,France,FR,Blogger,Diffamation,8,1,16
12/31/2011,France,FR,YouTube,Incitation à la haine,0,3,3
12/31/2011,France,FR,YouTube,Contenu réservé aux adultes,0,8,24
12/31/2011,France,FR,YouTube,Confidentialité et sécurité,0,3,6
12/31/2011,France,FR,YouTube,Diffamation,1,0,1
12/31/2011,Malaisie,MY,Blogger,Usurpation d'identité,0,1,1
12/31/2011,Mexique,MX,Blogger,Diffamation,0,1,1
12/31/2011,Mexique,MX,Blogger,Autre,0,1,1
12/31/2011,Turquie,TR,Blogger,Diffamation,4,1,10
12/31/2011,Turquie,TR,YouTube,Incitation à la haine,0,1,3
12/31/2011,Turquie,TR,Google Groupes,Contenu réservé aux adultes,0,1,1
12/31/2011,Turquie,TR,Blogger,Autre,0,1,5
12/31/2011,Turquie,TR,Picasa Albums Web,Contenu réservé aux adultes,1,0,2
12/31/2011,Turquie,TR,Gmail,Usurpation d'identité,1,1,2
12/31/2011,Turquie,TR,Recherche sur le Web Google,Diffamation,3,0,25
12/31/2011,Turquie,TR,"Google Earth, Google Maps et Panoramio",Critiques à l'égard du gouvernement,0,1,1
12/31/2011,Turquie,TR,YouTube,Critiques à l'égard du gouvernement,1,3,8
12/31/2011,Turquie,TR,YouTube,Autre,0,4,18
12/31/2011,Turquie,TR,Blogger,Contenu réservé aux adultes,0,4,5
12/31/2011,Turquie,TR,Recherche sur le Web Google,Autre,6,3,82
12/31/2011,Turquie,TR,YouTube,Confidentialité et sécurité,5,0,8
12/31/2011,Turquie,TR,Google Vidéos,Contenu réservé aux adultes,0,1,1
12/31/2011,Turquie,TR,YouTube,Diffamation,1,1,2
12/31/2011,Turquie,TR,Google Vidéos,Autre,0,1,1
12/31/2011,États-Unis,US,Blogger,Confidentialité et sécurité,0,1,2
12/31/2011,États-Unis,US,Blogger,Diffamation,3,0,4
12/31/2011,États-Unis,US,YouTube,Droits d'auteur,0,1,1
12/31/2011,États-Unis,US,Blogger,Autre,6,2,40
12/31/2011,États-Unis,US,Gmail,Usurpation d'identité,0,2,2
12/31/2011,États-Unis,US,Google AdWords,Autre,4,2,2084
12/31/2011,États-Unis,US,YouTube,Autre,2,4,6
12/31/2011,États-Unis,US,Google Sites,Diffamation,2,0,2
12/31/2011,États-Unis,US,Recherche sur le Web Google,Autre,7,0,36
12/31/2011,États-Unis,US,Google Groupes,Autre,1,0,1
12/31/2011,États-Unis,US,Google Groupes,Diffamation,1,0,1421
12/31/2011,États-Unis,US,Recherche sur le Web Google,Confidentialité et sécurité,36,4,67
12/31/2011,États-Unis,US,Google Adresses,Confidentialité et sécurité,0,1,1
12/31/2011,États-Unis,US,Google+,Autre,0,1,1
12/31/2011,États-Unis,US,Google Adresses,Autre,0,3,3
12/31/2011,États-Unis,US,Google AdWords,Diffamation,1,0,2
12/31/2011,États-Unis,US,Recherche sur le Web Google,Droits d'auteur,2,0,12
12/31/2011,États-Unis,US,YouTube,Contenu réservé aux adultes,0,1,1
12/31/2011,États-Unis,US,Blogger,Usurpation d'identité,1,0,1
12/31/2011,États-Unis,US,YouTube,Sécurité nationale,0,1,1
12/31/2011,États-Unis,US,Recherche sur le Web Google,Diffamation,46,1,659
12/31/2011,États-Unis,US,Google Apps,Autre,2,0,4
12/31/2011,États-Unis,US,YouTube,Marque,0,1,1
12/31/2011,États-Unis,US,"Google Earth, Google Maps et Panoramio",Confidentialité et sécurité,0,1,1
12/31/2011,États-Unis,US,YouTube,Confidentialité et sécurité,0,14,1731
12/31/2011,États-Unis,US,Recherche sur le Web Google,Usurpation d'identité,1,2,3
12/31/2011,États-Unis,US,Google AdWords,Confidentialité et sécurité,1,0,5
12/31/2011,États-Unis,US,YouTube,Diffamation,0,4,4
12/31/2011,États-Unis,US,YouTube,Violence,0,10,14
12/31/2011,États-Unis,US,Google AdWords,Marque,1,14,82
12/31/2011,Pakistan,PK,YouTube,Critiques à l'égard du gouvernement,0,1,6
12/31/2011,Pakistan,PK,Blogger,Confidentialité et sécurité,0,1,9
12/31/2011,Royaume-Uni,GB,Blogger,Sécurité nationale,0,1,7
12/31/2011,Royaume-Uni,GB,Recherche sur le Web Google,Droits d'auteur,0,1,1
12/31/2011,Royaume-Uni,GB,Blogger,Confidentialité et sécurité,0,1,1
12/31/2011,Royaume-Uni,GB,Blogger,Diffamation,1,0,1
12/31/2011,Royaume-Uni,GB,Google Sites,Autre,0,1,1
12/31/2011,Royaume-Uni,GB,YouTube,Incitation à la haine,0,4,13
12/31/2011,Royaume-Uni,GB,YouTube,Contenu réservé aux adultes,0,1,7
12/31/2011,Royaume-Uni,GB,Blogger,Autre,0,1,1
12/31/2011,Royaume-Uni,GB,Google AdWords,Autre,2,0,25
12/31/2011,Royaume-Uni,GB,Recherche sur le Web Google,Diffamation,3,0,45
12/31/2011,Royaume-Uni,GB,YouTube,Sécurité nationale,0,2,647
12/31/2011,Royaume-Uni,GB,YouTube,Autre,0,7,9
12/31/2011,Royaume-Uni,GB,Recherche sur le Web Google,Autre,1,0,1
12/31/2011,Royaume-Uni,GB,YouTube,Confidentialité et sécurité,0,7,37
12/31/2011,Royaume-Uni,GB,Recherche sur le Web Google,Confidentialité et sécurité,1,0,2
12/31/2011,Royaume-Uni,GB,Google Adresses,Confidentialité et sécurité,0,1,1
12/31/2011,Royaume-Uni,GB,Google AdWords,Confidentialité et sécurité,3,1,30
12/31/2011,Royaume-Uni,GB,YouTube,Diffamation,0,1,1
12/31/2011,Royaume-Uni,GB,Blogger,Droits d'auteur,1,1,2
12/31/2011,Royaume-Uni,GB,YouTube,Violence,0,7,15
12/31/2011,Portugal,PT,Blogger,Diffamation,3,0,9
12/31/2011,Pologne,PL,Recherche sur le Web Google,Critiques à l'égard du gouvernement,0,1,9
12/31/2011,Pologne,PL,YouTube,Blasphème,0,1,1
12/31/2011,Bolivie,BO,YouTube,Diffamation,1,0,1
12/31/2011,Allemagne,DE,Google AdWords,Diffamation,1,0,27
12/31/2011,Allemagne,DE,Blogger,Diffamation,5,0,6
12/31/2011,Allemagne,DE,"Google Earth, Google Maps et Panoramio",Diffamation,0,1,1
12/31/2011,Allemagne,DE,YouTube,Incitation à la haine,0,9,38
12/31/2011,Allemagne,DE,Recherche sur le Web Google,Contenu réservé aux adultes,1,6,151
12/31/2011,Allemagne,DE,Google AdWords,Autre,1,0,2
12/31/2011,Allemagne,DE,Recherche sur le Web Google,Diffamation,42,2,1256
12/31/2011,Allemagne,DE,YouTube,Sécurité nationale,0,1,5
12/31/2011,Allemagne,DE,YouTube,Autre,2,11,85
12/31/2011,Allemagne,DE,Recherche sur le Web Google,Autre,2,0,13
12/31/2011,Allemagne,DE,Google Groupes,Diffamation,2,0,2
12/31/2011,Allemagne,DE,YouTube,Confidentialité et sécurité,0,9,17
12/31/2011,Allemagne,DE,Recherche sur le Web Google,Confidentialité et sécurité,1,0,1
12/31/2011,Allemagne,DE,YouTube,Diffamation,2,2,11
12/31/2011,Allemagne,DE,Google AdWords,Droits d'auteur,1,0,25
12/31/2011,Allemagne,DE,YouTube,Violence,0,2,82
12/31/2011,Italie,IT,Recherche sur le Web Google,Diffamation,1,2,4
12/31/2011,Italie,IT,YouTube,Autre,1,1,10
12/31/2011,Italie,IT,Google Knol,Diffamation,1,0,2
12/31/2011,Italie,IT,Blogger,Confidentialité et sécurité,1,0,1
12/31/2011,Italie,IT,Blogger,Diffamation,6,0,17
12/31/2011,Italie,IT,Recherche sur le Web Google,Autre,1,0,2
12/31/2011,Italie,IT,YouTube,Confidentialité et sécurité,0,2,43
12/31/2011,Italie,IT,Blogger,Autre,0,1,1
12/31/2011,Italie,IT,Recherche sur le Web Google,Confidentialité et sécurité,1,0,1
12/31/2011,Italie,IT,YouTube,Diffamation,8,0,13
12/31/2011,Italie,IT,YouTube,Violence,0,2,2
12/31/2011,Japon,JP,Recherche sur le Web Google,Diffamation,1,0,11
12/31/2011,Japon,JP,Blogger,Confidentialité et sécurité,1,0,3
12/31/2011,Japon,JP,Recherche sur le Web Google,Autre,1,0,1
12/31/2011,Japon,JP,YouTube,Confidentialité et sécurité,0,3,4
12/31/2011,Japon,JP,Recherche sur le Web Google,Confidentialité et sécurité,1,0,5
12/31/2011,Slovénie,SI,YouTube,Confidentialité et sécurité,0,1,3
12/31/2011,Inde,IN,orkut,Usurpation d'identité,0,12,16
12/31/2011,Inde,IN,Blogger,Confidentialité et sécurité,0,1,14
12/31/2011,Inde,IN,Blogger,Diffamation,2,9,23
12/31/2011,Inde,IN,YouTube,Usurpation d'identité,0,2,3
12/31/2011,Inde,IN,YouTube,Droits d'auteur,0,1,1
12/31/2011,Inde,IN,Blogger,Autre,1,8,11
12/31/2011,Inde,IN,orkut,Diffamation,0,5,15
12/31/2011,Inde,IN,"Google Earth, Google Maps et Panoramio",Autre,0,1,2
12/31/2011,Inde,IN,orkut,Incitation à la haine,0,1,1
12/31/2011,Inde,IN,YouTube,Autre,0,4,6
12/31/2011,Inde,IN,Google Sites,Diffamation,2,0,2
12/31/2011,Inde,IN,Recherche sur le Web Google,Autre,0,2,11
12/31/2011,Inde,IN,orkut,Autre,0,5,8
12/31/2011,Inde,IN,YouTube,Blasphème,0,1,6
12/31/2011,Inde,IN,Recherche sur le Web Google,Droits d'auteur,0,1,1
12/31/2011,Inde,IN,YouTube,Incitation à la haine,0,10,24
12/31/2011,Inde,IN,Google Images,Usurpation d'identité,0,1,3
12/31/2011,Inde,IN,Recherche sur le Web Google,Diffamation,0,5,13
12/31/2011,Inde,IN,YouTube,Sécurité nationale,0,1,10
12/31/2011,Inde,IN,Recherche sur le Web Google,Blasphème,0,1,1
12/31/2011,Inde,IN,Blogger,Contenu réservé aux adultes,0,1,1
12/31/2011,Inde,IN,YouTube,Confidentialité et sécurité,0,4,4
12/31/2011,Inde,IN,YouTube,Diffamation,0,19,77
12/31/2011,Inde,IN,YouTube,Violence,0,1,2
12/31/2011,Kazakhstan,KZ,YouTube,Confidentialité et sécurité,0,1,2
12/31/2011,Norvège,NO,Google AdWords,Diffamation,1,0,10
12/31/2011,Norvège,NO,YouTube,Incitation à la haine,0,1,1
12/31/2011,Norvège,NO,YouTube,Violence,0,1,12
12/31/2011,Danemark,DK,YouTube,Confidentialité et sécurité,0,1,1
12/31/2011,Taïwan,TW,"Google Earth, Google Maps et Panoramio",Autre,0,1,1
12/31/2011,Taïwan,TW,Google AdWords,Autre,0,2,8
12/31/2011,Taïwan,TW,Google AdWords,Diffamation,0,1,1
12/31/2011,Taïwan,TW,Recherche sur le Web Google,Diffamation,0,2,13
12/31/2011,Taïwan,TW,Recherche sur le Web Google,Autre,0,1,1
12/31/2011,Taïwan,TW,Recherche sur le Web Google,Confidentialité et sécurité,0,1,3
12/31/2011,Singapour,SG,Recherche sur le Web Google,Diffamation,1,0,2
12/31/2011,Panama,PA,YouTube,Diffamation,0,1,1
12/31/2011,Autriche,AT,Recherche sur le Web Google,Diffamation,4,0,22
12/31/2011,Brésil,BR,Google Code,Confidentialité et sécurité,2,0,6
12/31/2011,Brésil,BR,Picasa Albums Web,Autre,0,1,1
12/31/2011,Brésil,BR,orkut,Usurpation d'identité,12,15,39
12/31/2011,Brésil,BR,Blogger,Diffamation,4,2,6
12/31/2011,Brésil,BR,"Google Earth, Google Maps et Panoramio",Diffamation,1,0,1
12/31/2011,Brésil,BR,Blogger,Autre,3,0,3
12/31/2011,Brésil,BR,Gmail,Usurpation d'identité,1,0,1
12/31/2011,Brésil,BR,orkut,Diffamation,15,16,76
12/31/2011,Brésil,BR,orkut,Contenu réservé aux adultes,1,0,9
12/31/2011,Brésil,BR,orkut,Droit électoral,1,0,4
12/31/2011,Brésil,BR,YouTube,Autre,2,2,7
12/31/2011,Brésil,BR,orkut,Incitation à la haine,0,3,43
12/31/2011,Brésil,BR,Recherche sur le Web Google,Autre,2,1,102
12/31/2011,Brésil,BR,orkut,Autre,9,12,43
12/31/2011,Brésil,BR,Blogger,Droits d'auteur,3,0,3
12/31/2011,Brésil,BR,orkut,Blasphème,0,2,8
12/31/2011,Brésil,BR,YouTube,Contenu réservé aux adultes,0,2,2
12/31/2011,Brésil,BR,YouTube,Incitation à la haine,2,1,8
12/31/2011,Brésil,BR,Profils Google,Usurpation d'identité,1,0,1
12/31/2011,Brésil,BR,orkut,Violence,0,1,8
12/31/2011,Brésil,BR,Recherche sur le Web Google,Diffamation,7,1,53
12/31/2011,Brésil,BR,Gmail,Autre,1,0,1
12/31/2011,Brésil,BR,Blogger,Contenu réservé aux adultes,2,0,3
12/31/2011,Brésil,BR,YouTube,Marque,1,1,2
12/31/2011,Brésil,BR,"Google Earth, Google Maps et Panoramio",Confidentialité et sécurité,0,1,1
12/31/2011,Brésil,BR,YouTube,Confidentialité et sécurité,4,1,5
12/31/2011,Brésil,BR,YouTube,Diffamation,54,1,113
12/31/2011,Brésil,BR,YouTube,Violence,0,3,5
12/31/2011,Malte,MT,YouTube,Autre,0,1,1
12/31/2011,Malte,MT,YouTube,Confidentialité et sécurité,0,1,2
06/30/2012,Corée du Sud,KR,Recherche sur le Web Google,Droits d'auteur,0,3,3
06/30/2012,Corée du Sud,KR,Blogger,Confidentialité et sécurité,0,7,19
06/30/2012,Corée du Sud,KR,Recherche sur le Web Google,Contenu réservé aux adultes,0,1,1
06/30/2012,Corée du Sud,KR,Google Sites,Confidentialité et sécurité,0,1,1
06/30/2012,Corée du Sud,KR,Google Images,Confidentialité et sécurité,0,1,4
06/30/2012,Corée du Sud,KR,Recherche sur le Web Google,Diffamation,0,1,34
06/30/2012,Corée du Sud,KR,orkut,Confidentialité et sécurité,0,1,5
06/30/2012,Corée du Sud,KR,YouTube,Confidentialité et sécurité,0,4,4
06/30/2012,Corée du Sud,KR,Recherche sur le Web Google,Confidentialité et sécurité,0,11,114
06/30/2012,Corée du Sud,KR,YouTube,Diffamation,1,1,2
06/30/2012,Corée du Sud,KR,Applications Google Play,Autre,0,19,311
06/30/2012,Corée du Sud,KR,Blogger,Droits d'auteur,0,1,1
06/30/2012,Pays-Bas,NL,Recherche sur le Web Google,Diffamation,5,0,209
06/30/2012,Pays-Bas,NL,Blogger,Diffamation,1,0,2
06/30/2012,Pays-Bas,NL,YouTube,Incitation à la haine,0,1,3
06/30/2012,Pays-Bas,NL,Recherche sur le Web Google,Marque,1,0,1
06/30/2012,Pays-Bas,NL,YouTube,Violence,0,2,2
06/30/2012,Suisse,CH,Recherche sur le Web Google,Autre,1,0,1
06/30/2012,Suisse,CH,YouTube,Diffamation,2,0,4
06/30/2012,Suisse,CH,Blogger,Droits d'auteur,1,0,1
06/30/2012,Grèce,GR,YouTube,Autre,0,1,1
06/30/2012,Grèce,GR,Recherche sur le Web Google : saisie semi-automatique,Diffamation,1,0,7
06/30/2012,Grèce,GR,YouTube,Violence,0,1,1
06/30/2012,Chypre,CY,YouTube,Contenu réservé aux adultes,0,1,1
06/30/2012,Argentine,AR,Blogger,Incitation à la haine,0,1,3
06/30/2012,Argentine,AR,Recherche sur le Web Google,Diffamation,14,0,60
06/30/2012,Argentine,AR,Recherche sur le Web Google : saisie semi-automatique,Diffamation,1,0,4
06/30/2012,Argentine,AR,Blogger,Confidentialité et sécurité,2,0,2
06/30/2012,Argentine,AR,Blogger,Diffamation,1,0,5
06/30/2012,Argentine,AR,YouTube,Confidentialité et sécurité,0,2,7
06/30/2012,Argentine,AR,Recherche sur le Web Google,Confidentialité et sécurité,3,0,129
06/30/2012,Nouvelle-Zélande,NZ,Recherche sur le Web Google,Diffamation,1,0,12
06/30/2012,Nouvelle-Zélande,NZ,YouTube,Autre,0,1,1
06/30/2012,Nouvelle-Zélande,NZ,Google Documents,Confidentialité et sécurité,1,0,1
06/30/2012,Nouvelle-Zélande,NZ,YouTube,Violence,0,1,1
06/30/2012,Canada,CA,Recherche sur le Web Google,Diffamation,5,0,48
06/30/2012,Canada,CA,Google+,Diffamation,3,0,3
06/30/2012,Canada,CA,Google+ Local,Diffamation,0,1,1
06/30/2012,Canada,CA,Blogger,Diffamation,7,0,86
06/30/2012,Canada,CA,YouTube,Contenu réservé aux adultes,0,1,1
06/30/2012,Canada,CA,YouTube,Droits d'auteur,0,1,4
06/30/2012,Canada,CA,YouTube,Confidentialité et sécurité,0,4,4
06/30/2012,Canada,CA,Recherche sur le Web Google,Confidentialité et sécurité,1,1,45
06/30/2012,Canada,CA,YouTube,Diffamation,0,7,13
06/30/2012,Canada,CA,YouTube,Violence,0,2,2
06/30/2012,Trinité-et-Tobago,TT,YouTube,Critiques à l'égard du gouvernement,0,1,10
06/30/2012,Îles Cook,CK,Recherche sur le Web Google,Diffamation,1,0,1
06/30/2012,Israël,IL,Recherche sur le Web Google,Diffamation,2,0,5
06/30/2012,Israël,IL,Recherche sur le Web Google,Confidentialité et sécurité,1,0,1
06/30/2012,Israël,IL,YouTube,Violence,0,1,1
06/30/2012,Australie,AU,Recherche sur le Web Google,Diffamation,1,0,3
06/30/2012,Australie,AU,YouTube,Critiques à l'égard du gouvernement,0,1,1
06/30/2012,Australie,AU,YouTube,Autre,0,3,3
06/30/2012,Australie,AU,Recherche sur le Web Google,Droits d'auteur,2,0,27
06/30/2012,Australie,AU,Google Sites,Diffamation,0,1,4
06/30/2012,Australie,AU,YouTube,Droits d'auteur,1,0,1
06/30/2012,Australie,AU,Recherche sur le Web Google,Confidentialité et sécurité,1,0,49
06/30/2012,Australie,AU,YouTube,Diffamation,0,2,3
06/30/2012,Australie,AU,YouTube,Violence,0,1,1
06/30/2012,France,FR,Google Images,Diffamation,1,1,4
06/30/2012,France,FR,Recherche sur le Web Google : saisie semi-automatique,Diffamation,1,1,2
06/30/2012,France,FR,Blogger,Diffamation,20,2,40
06/30/2012,France,FR,Google+ Local,Confidentialité et sécurité,0,2,2
06/30/2012,France,FR,YouTube,Contenu réservé aux adultes,0,6,6
06/30/2012,France,FR,YouTube,Incitation à la haine,0,4,22
06/30/2012,France,FR,Recherche sur le Web Google,Contenu réservé aux adultes,0,1,1
06/30/2012,France,FR,Google Images,Confidentialité et sécurité,1,1,2
06/30/2012,France,FR,YouTube,Sécurité nationale,0,2,2
06/30/2012,France,FR,Recherche sur le Web Google,Diffamation,6,1,119
06/30/2012,France,FR,YouTube,Autre,0,9,9
06/30/2012,France,FR,Recherche sur le Web Google : saisie semi-automatique,Confidentialité et sécurité,0,1,1
06/30/2012,France,FR,Google Groupes,Diffamation,2,0,3
06/30/2012,France,FR,YouTube,Confidentialité et sécurité,1,2,7
06/30/2012,France,FR,Recherche sur le Web Google,Confidentialité et sécurité,5,0,1026
06/30/2012,France,FR,YouTube,Diffamation,1,0,1
06/30/2012,France,FR,YouTube,Violence,0,2,4
06/30/2012,Malaisie,MY,Blogger,Diffamation,0,1,1
06/30/2012,Malaisie,MY,YouTube,Incitation à la haine,0,1,1
06/30/2012,Mexique,MX,Blogger,Diffamation,3,1,4
06/30/2012,Mexique,MX,Gmail,Diffamation,1,0,1
06/30/2012,Lituanie,LT,YouTube,Autre,0,1,6
06/30/2012,Pakistan,PK,Recherche sur le Web Google,Diffamation,2,0,9
06/30/2012,Pakistan,PK,YouTube,Autre,0,1,1
06/30/2012,Pakistan,PK,YouTube,Confidentialité et sécurité,0,1,1
06/30/2012,Pologne,PL,YouTube,Sécurité nationale,0,1,2
06/30/2012,Pologne,PL,YouTube,Confidentialité et sécurité,0,1,4
06/30/2012,Pologne,PL,YouTube,Diffamation,0,1,1
06/30/2012,Allemagne,DE,Google+ Local,Diffamation,2,1,3
06/30/2012,Allemagne,DE,Picasa Albums Web,Autre,1,0,6
06/30/2012,Allemagne,DE,Blogger,Confidentialité et sécurité,1,0,1
06/30/2012,Allemagne,DE,Blogger,Diffamation,12,0,23
06/30/2012,Allemagne,DE,Blogger,Autre,7,1,21
06/30/2012,Allemagne,DE,Recherche sur le Web Google,Marque,1,0,111
06/30/2012,Allemagne,DE,Google Maps,Incitation à la haine,0,2,2
06/30/2012,Allemagne,DE,Recherche sur le Web Google,Violence,1,0,6
06/30/2012,Allemagne,DE,YouTube,Critiques à l'égard du gouvernement,0,1,1
06/30/2012,Allemagne,DE,YouTube,Autre,0,6,74
06/30/2012,Allemagne,DE,Google+,Incitation à la haine,0,1,23
06/30/2012,Allemagne,DE,Google Maps,Autre,1,0,1
06/30/2012,Allemagne,DE,Recherche sur le Web Google,Autre,1,0,2
06/30/2012,Allemagne,DE,Recherche sur le Web Google,Confidentialité et sécurité,1,0,5
06/30/2012,Allemagne,DE,YouTube,Blasphème,0,3,7
06/30/2012,Allemagne,DE,Recherche sur le Web Google,Contenu réservé aux adultes,0,6,112
06/30/2012,Allemagne,DE,YouTube,Incitation à la haine,0,22,436
06/30/2012,Allemagne,DE,Google Images,Confidentialité et sécurité,1,0,7
06/30/2012,Allemagne,DE,Recherche sur le Web Google,Diffamation,143,2,858
06/30/2012,Allemagne,DE,YouTube,Sécurité nationale,0,9,132
06/30/2012,Allemagne,DE,YouTube,Confidentialité et sécurité,5,5,20
06/30/2012,Allemagne,DE,YouTube,Diffamation,0,2,10
06/30/2012,Allemagne,DE,Google AdWords,Droits d'auteur,3,0,9
06/30/2012,Allemagne,DE,YouTube,Violence,0,6,33
06/30/2012,Italie,IT,Recherche sur le Web Google,Diffamation,2,0,2
06/30/2012,Italie,IT,YouTube,Autre,0,2,47
06/30/2012,Italie,IT,Recherche sur le Web Google,Droits d'auteur,1,0,144
06/30/2012,Italie,IT,Blogger,Diffamation,5,1,46
06/30/2012,Italie,IT,YouTube,Incitation à la haine,0,1,1
06/30/2012,Italie,IT,Google Groupes,Diffamation,3,0,18
06/30/2012,Italie,IT,YouTube,Confidentialité et sécurité,0,2,2
06/30/2012,Italie,IT,Recherche sur le Web Google,Confidentialité et sécurité,1,0,6
06/30/2012,Italie,IT,YouTube,Diffamation,4,0,5
06/30/2012,Italie,IT,YouTube,Violence,1,1,2
06/30/2012,Italie,IT,Blogger,Droits d'auteur,1,0,1
06/30/2012,Japon,JP,Recherche sur le Web Google,Diffamation,9,1,93
06/30/2012,Japon,JP,Recherche sur le Web Google,Droits d'auteur,1,0,2
06/30/2012,Japon,JP,Recherche sur le Web Google,Confidentialité et sécurité,2,0,14
06/30/2012,Japon,JP,YouTube,Diffamation,0,1,5
06/30/2012,Japon,JP,Google Livres,Diffamation,1,0,1
06/30/2012,Japon,JP,Google Livres,Confidentialité et sécurité,1,0,1
06/30/2012,Inde,IN,orkut,Usurpation d'identité,0,5,7
06/30/2012,Inde,IN,Blogger,Diffamation,9,12,56
06/30/2012,Inde,IN,YouTube,Usurpation d'identité,0,1,2
06/30/2012,Inde,IN,orkut,Blasphème,1,0,1
06/30/2012,Inde,IN,YouTube,Contenu réservé aux adultes,0,1,1
06/30/2012,Inde,IN,YouTube,Incitation à la haine,0,1,1
06/30/2012,Inde,IN,YouTube,Droits d'auteur,0,1,1
06/30/2012,Inde,IN,Blogger,Autre,0,1,1
06/30/2012,Inde,IN,orkut,Diffamation,0,5,9
06/30/2012,Inde,IN,Google Images,Confidentialité et sécurité,0,1,1
06/30/2012,Inde,IN,YouTube,Sécurité nationale,0,1,3
06/30/2012,Inde,IN,Recherche sur le Web Google,Diffamation,2,4,12
06/30/2012,Inde,IN,orkut,Confidentialité et sécurité,0,3,4
06/30/2012,Inde,IN,Recherche sur le Web Google,Blasphème,1,0,6
06/30/2012,Inde,IN,YouTube,Autre,0,5,9
06/30/2012,Inde,IN,Blogger,Blasphème,2,1,44
06/30/2012,Inde,IN,Recherche sur le Web Google,Autre,0,1,1
06/30/2012,Inde,IN,Picasa Albums Web,Confidentialité et sécurité,0,1,1
06/30/2012,Inde,IN,YouTube,Confidentialité et sécurité,0,4,7
06/30/2012,Inde,IN,YouTube,Blasphème,2,0,24
06/30/2012,Inde,IN,Recherche sur le Web Google,Confidentialité et sécurité,1,1,361
06/30/2012,Inde,IN,orkut,Autre,0,1,1
06/30/2012,Inde,IN,YouTube,Diffamation,2,14,43
06/30/2012,Slovaquie,SK,Blogger,Confidentialité et sécurité,0,1,2
06/30/2012,Taïwan,TW,Recherche sur le Web Google,Diffamation,0,1,1
06/30/2012,Taïwan,TW,YouTube,Autre,0,1,1
06/30/2012,Taïwan,TW,Recherche sur le Web Google,Autre,1,4,5
06/30/2012,Taïwan,TW,Google Sites,Autre,0,1,1
06/30/2012,Taïwan,TW,Recherche sur le Web Google,Confidentialité et sécurité,0,1,2
06/30/2012,Taïwan,TW,Blogger,Autre,1,0,5
06/30/2012,Monaco,MC,Blogger,Confidentialité et sécurité,0,1,5
06/30/2012,Azerbaïdjan,AZ,Recherche sur le Web Google,Diffamation,1,0,1
06/30/2012,Azerbaïdjan,AZ,Panoramio,Incitation à la haine,0,1,1
06/30/2012,Malte,MT,Recherche sur le Web Google,Diffamation,1,0,15
06/30/2012,Malte,MT,YouTube,Autre,0,2,2
06/30/2012,Malte,MT,YouTube,Confidentialité et sécurité,0,1,2
06/30/2012,Russie,RU,YouTube,Sécurité nationale,0,3,173
06/30/2012,Russie,RU,Recherche sur le Web Google,Sécurité nationale,0,1,1
06/30/2012,Russie,RU,Blogger,Diffamation,2,0,2
06/30/2012,Belgique,BE,YouTube,Sécurité nationale,0,1,1
06/30/2012,Belgique,BE,YouTube,Contenu réservé aux adultes,0,3,3
06/30/2012,Belgique,BE,YouTube,Confidentialité et sécurité,0,2,5
06/30/2012,Belgique,BE,YouTube,Violence,0,4,4
06/30/2012,Hong Kong,HK,YouTube,Droits d'auteur,0,1,370
06/30/2012,Afrique du Sud,ZA,Recherche sur le Web Google,Diffamation,2,0,10
06/30/2012,Afrique du Sud,ZA,Blogger,Diffamation,1,0,1
06/30/2012,Suède,SE,YouTube,Autre,0,1,1
06/30/2012,Suède,SE,YouTube,Violence,0,1,1
06/30/2012,Maurice,MU,Recherche sur le Web Google,Diffamation,0,2,2
06/30/2012,Philippines,PH,Blogger,Diffamation,0,2,2
06/30/2012,Philippines,PH,Blogger,Usurpation d'identité,0,1,1
06/30/2012,Philippines,PH,Blogger,Critiques à l'égard du gouvernement,0,1,5
06/30/2012,Indonésie,ID,YouTube,Autre,0,2,6
06/30/2012,Indonésie,ID,YouTube,Contenu réservé aux adultes,0,1,1
06/30/2012,Macédoine,MK,YouTube,Sécurité nationale,0,1,1
06/30/2012,Arabie saoudite,SA,YouTube,Confidentialité et sécurité,0,1,1
06/30/2012,Thaïlande,TH,YouTube,Critiques à l'égard du gouvernement,0,2,14
06/30/2012,Espagne,ES,Blogger,Incitation à la haine,1,0,1
06/30/2012,Espagne,ES,Picasa Albums Web,Autre,1,0,2
06/30/2012,Espagne,ES,Blogger,Confidentialité et sécurité,1,4,32
06/30/2012,Espagne,ES,Blogger,Diffamation,5,0,5
06/30/2012,Espagne,ES,YouTube,Usurpation d'identité,1,0,1
06/30/2012,Espagne,ES,YouTube,Incitation à la haine,0,2,2
06/30/2012,Espagne,ES,Blogger,Autre,0,5,5
06/30/2012,Espagne,ES,Google+ Local,Autre,0,1,1
06/30/2012,Espagne,ES,Recherche sur le Web Google,Diffamation,1,0,1
06/30/2012,Espagne,ES,Gmail,Autre,5,1,6
06/30/2012,Espagne,ES,YouTube,Autre,0,1,1
06/30/2012,Espagne,ES,YouTube,Critiques à l'égard du gouvernement,1,0,1
06/30/2012,Espagne,ES,Google Maps,Autre,0,1,1
06/30/2012,Espagne,ES,YouTube,Confidentialité et sécurité,1,1,2
06/30/2012,Espagne,ES,Recherche sur le Web Google,Confidentialité et sécurité,0,33,110
06/30/2012,Espagne,ES,YouTube,Violence,0,3,3
06/30/2012,Pérou,PE,Recherche sur le Web Google,Droits d'auteur,1,0,2
06/30/2012,Pérou,PE,Blogger,Diffamation,1,0,5
06/30/2012,Bosnie-Herzégovine,BA,Blogger,Diffamation,1,0,1
06/30/2012,Hongrie,HU,YouTube,Confidentialité et sécurité,0,2,2
06/30/2012,Turquie,TR,Blogger,Sécurité nationale,0,5,10
06/30/2012,Turquie,TR,Blogger,Confidentialité et sécurité,1,5,13
06/30/2012,Turquie,TR,Blogger,Diffamation,10,13,31
06/30/2012,Turquie,TR,Google Vidéos,Violence,0,1,3
06/30/2012,Turquie,TR,YouTube,Droits d'auteur,0,9,15
06/30/2012,Turquie,TR,Google Vidéos,Droits d'auteur,1,0,1
06/30/2012,Turquie,TR,Google Vidéos,Sécurité nationale,0,1,1
06/30/2012,Turquie,TR,Blogger,Autre,0,14,19
06/30/2012,Turquie,TR,Google Documents,Critiques à l'égard du gouvernement,0,1,1
06/30/2012,Turquie,TR,Picasa Albums Web,Blasphème,0,1,1
06/30/2012,Turquie,TR,YouTube,Critiques à l'égard du gouvernement,0,114,425
06/30/2012,Turquie,TR,YouTube,Autre,16,51,673
06/30/2012,Turquie,TR,Blogger,Violence,0,3,3
06/30/2012,Turquie,TR,Panoramio,Critiques à l'égard du gouvernement,0,1,1
06/30/2012,Turquie,TR,Recherche sur le Web Google,Autre,1,0,1
06/30/2012,Turquie,TR,Picasa Albums Web,Confidentialité et sécurité,0,1,1
06/30/2012,Turquie,TR,Recherche sur le Web Google,Critiques à l'égard du gouvernement,0,1,1
06/30/2012,Turquie,TR,Google Groupes,Diffamation,0,1,2
06/30/2012,Turquie,TR,YouTube,Blasphème,0,19,34
06/30/2012,Turquie,TR,Recherche sur le Web Google,Confidentialité et sécurité,0,1,1
06/30/2012,Turquie,TR,Google Vidéos,Contenu réservé aux adultes,0,2,2
06/30/2012,Turquie,TR,Google+,Autre,0,3,3
06/30/2012,Turquie,TR,Blogger,Droits d'auteur,1,2,3
06/30/2012,Turquie,TR,Blogger,Incitation à la haine,0,3,3
06/30/2012,Turquie,TR,Google Images,Diffamation,1,0,1
06/30/2012,Turquie,TR,Google Groupes,Sécurité nationale,0,1,1
06/30/2012,Turquie,TR,YouTube,Contenu réservé aux adultes,1,28,247
06/30/2012,Turquie,TR,YouTube,Incitation à la haine,0,2,4
06/30/2012,Turquie,TR,Recherche sur le Web Google,Contenu réservé aux adultes,0,4,166
06/30/2012,Turquie,TR,Panoramio,Sécurité nationale,0,1,3
06/30/2012,Turquie,TR,Google Groupes,Incitation à la haine,0,1,1
06/30/2012,Turquie,TR,Google Sites,Confidentialité et sécurité,1,0,1
06/30/2012,Turquie,TR,YouTube,Sécurité nationale,0,24,88
06/30/2012,Turquie,TR,Recherche sur le Web Google,Diffamation,14,1,66
06/30/2012,Turquie,TR,Blogger,Contenu réservé aux adultes,0,32,80
06/30/2012,Turquie,TR,Google Vidéos,Confidentialité et sécurité,0,1,1
06/30/2012,Turquie,TR,YouTube,Marque,0,1,1
06/30/2012,Turquie,TR,Blogger,Blasphème,0,8,13
06/30/2012,Turquie,TR,YouTube,Confidentialité et sécurité,0,13,22
06/30/2012,Turquie,TR,Google Groupes,Confidentialité et sécurité,0,1,1
06/30/2012,Turquie,TR,YouTube,Diffamation,1,47,73
06/30/2012,Turquie,TR,Google Vidéos,Autre,0,1,1
06/30/2012,Turquie,TR,YouTube,Violence,0,6,13
06/30/2012,Turquie,TR,Blogger,Critiques à l'égard du gouvernement,0,27,51
06/30/2012,Turquie,TR,Google Documents,Autre,0,2,2
06/30/2012,États-Unis,US,Google+ Local,Diffamation,2,1,3
06/30/2012,États-Unis,US,Blogger,Confidentialité et sécurité,3,0,10
06/30/2012,États-Unis,US,Blogger,Diffamation,54,1,219
06/30/2012,États-Unis,US,YouTube,Droits d'auteur,0,1,1
06/30/2012,États-Unis,US,Picasa Albums Web,Diffamation,1,0,1
06/30/2012,États-Unis,US,Blogger,Autre,1,1,2
06/30/2012,États-Unis,US,Recherche sur le Web Google,Marque,4,0,174
06/30/2012,États-Unis,US,Google+ Local,Autre,0,1,1
06/30/2012,États-Unis,US,Google AdWords,Autre,1,13,352
06/30/2012,États-Unis,US,Blogger,Marque,1,0,1
06/30/2012,États-Unis,US,YouTube,Autre,0,5,8
06/30/2012,États-Unis,US,YouTube,Critiques à l'égard du gouvernement,1,5,7
06/30/2012,États-Unis,US,Google+,Diffamation,3,0,6
06/30/2012,États-Unis,US,Google Sites,Diffamation,2,0,2
06/30/2012,États-Unis,US,Recherche sur le Web Google,Autre,6,1,56
06/30/2012,États-Unis,US,Google Groupes,Diffamation,2,0,1755
06/30/2012,États-Unis,US,Recherche sur le Web Google,Confidentialité et sécurité,20,1,27
06/30/2012,États-Unis,US,Blogger,Droits d'auteur,1,0,1
06/30/2012,États-Unis,US,Google Images,Diffamation,1,0,7
06/30/2012,États-Unis,US,Recherche sur le Web Google,Droits d'auteur,10,0,159
06/30/2012,États-Unis,US,Google Documents,Diffamation,1,0,1
06/30/2012,États-Unis,US,Recherche sur le Web Google,Sécurité nationale,0,1,1
06/30/2012,États-Unis,US,YouTube,Contenu réservé aux adultes,0,2,6
06/30/2012,États-Unis,US,Blogger,Usurpation d'identité,0,1,1
06/30/2012,États-Unis,US,Google Shopping,Droits d'auteur,1,0,6
06/30/2012,États-Unis,US,YouTube,Sécurité nationale,0,1,1
06/30/2012,États-Unis,US,Recherche sur le Web Google,Diffamation,84,1,1134
06/30/2012,États-Unis,US,Gmail,Autre,1,0,1
06/30/2012,États-Unis,US,Panoramio,Droits d'auteur,1,0,27
06/30/2012,États-Unis,US,Google Vidéos,Diffamation,0,1,1
06/30/2012,États-Unis,US,YouTube,Marque,1,1,4
06/30/2012,États-Unis,US,Google AdSense,Marque,0,1,62
06/30/2012,États-Unis,US,YouTube,Confidentialité et sécurité,1,11,25
06/30/2012,États-Unis,US,Recherche sur le Web Google,Usurpation d'identité,1,0,3
06/30/2012,États-Unis,US,YouTube,Diffamation,4,5,87
06/30/2012,États-Unis,US,YouTube,Violence,1,5,10
06/30/2012,États-Unis,US,Google AdWords,Marque,0,4,5
06/30/2012,Royaume-Uni,GB,Blogger,Sécurité nationale,0,1,1
06/30/2012,Royaume-Uni,GB,Recherche sur le Web Google,Droits d'auteur,1,0,14
06/30/2012,Royaume-Uni,GB,Blogger,Confidentialité et sécurité,1,2,3
06/30/2012,Royaume-Uni,GB,Blogger,Diffamation,2,2,63
06/30/2012,Royaume-Uni,GB,YouTube,Incitation à la haine,0,2,2
06/30/2012,Royaume-Uni,GB,Blogger,Autre,1,1,2
06/30/2012,Royaume-Uni,GB,Recherche sur le Web Google,Marque,1,0,4
06/30/2012,Royaume-Uni,GB,Google AdWords,Autre,6,3,2864
06/30/2012,Royaume-Uni,GB,YouTube,Sécurité nationale,0,9,15
06/30/2012,Royaume-Uni,GB,Recherche sur le Web Google,Diffamation,4,1,45
06/30/2012,Royaume-Uni,GB,YouTube,Autre,2,26,51
06/30/2012,Royaume-Uni,GB,YouTube,Critiques à l'égard du gouvernement,0,1,1
06/30/2012,Royaume-Uni,GB,Recherche sur le Web Google,Autre,0,1,1
06/30/2012,Royaume-Uni,GB,YouTube,Confidentialité et sécurité,0,8,13
06/30/2012,Royaume-Uni,GB,Recherche sur le Web Google,Critiques à l'égard du gouvernement,0,1,14
06/30/2012,Royaume-Uni,GB,YouTube,Diffamation,0,1,1
06/30/2012,Royaume-Uni,GB,Google AdWords,Droits d'auteur,0,1,1
06/30/2012,Royaume-Uni,GB,YouTube,Violence,0,19,98
06/30/2012,Portugal,PT,Blogger,Diffamation,0,1,3
06/30/2012,Portugal,PT,Recherche sur le Web Google,Autre,1,0,1
06/30/2012,Slovénie,SI,Blogger,Diffamation,2,0,2
06/30/2012,Kazakhstan,KZ,YouTube,Sécurité nationale,0,1,10
06/30/2012,Kazakhstan,KZ,Blogger,Violence,0,1,7
06/30/2012,Singapour,SG,Recherche sur le Web Google,Diffamation,0,1,2
06/30/2012,Singapour,SG,Recherche sur le Web Google,Droits d'auteur,1,0,2
06/30/2012,Autriche,AT,Recherche sur le Web Google,Diffamation,2,0,10
06/30/2012,Brésil,BR,Blogger,Sécurité nationale,0,3,3
06/30/2012,Brésil,BR,orkut,Usurpation d'identité,22,0,889
06/30/2012,Brésil,BR,Blogger,Confidentialité et sécurité,3,0,20
06/30/2012,Brésil,BR,Blogger,Diffamation,15,3,171
06/30/2012,Brésil,BR,YouTube,Droits d'auteur,1,0,2
06/30/2012,Brésil,BR,Picasa Albums Web,Diffamation,1,0,9
06/30/2012,Brésil,BR,Blogger,Autre,0,1,1
06/30/2012,Brésil,BR,Gmail,Usurpation d'identité,1,0,1
06/30/2012,Brésil,BR,orkut,Diffamation,22,3,85
06/30/2012,Brésil,BR,orkut,Droit électoral,1,0,1
06/30/2012,Brésil,BR,YouTube,Autre,6,3,11
06/30/2012,Brésil,BR,Recherche sur le Web Google,Autre,1,0,2
06/30/2012,Brésil,BR,Picasa Albums Web,Confidentialité et sécurité,2,0,18
06/30/2012,Brésil,BR,orkut,Autre,3,18,30
06/30/2012,Brésil,BR,Recherche sur le Web Google,Confidentialité et sécurité,0,1,1
06/30/2012,Brésil,BR,Blogger,Droits d'auteur,1,0,2
06/30/2012,Brésil,BR,orkut,Droits d'auteur,2,0,2
06/30/2012,Brésil,BR,Recherche sur le Web Google,Droits d'auteur,1,0,13
06/30/2012,Brésil,BR,Google+ Local,Confidentialité et sécurité,1,0,1
06/30/2012,Brésil,BR,YouTube,Contenu réservé aux adultes,0,1,2
06/30/2012,Brésil,BR,Blogger,Usurpation d'identité,0,1,1
06/30/2012,Brésil,BR,Picasa Albums Web,Droits d'auteur,1,0,7
06/30/2012,Brésil,BR,Google Images,Confidentialité et sécurité,1,0,17
06/30/2012,Brésil,BR,orkut,Confidentialité et sécurité,3,0,6
06/30/2012,Brésil,BR,Recherche sur le Web Google,Diffamation,3,2,829
06/30/2012,Brésil,BR,YouTube,Sécurité nationale,0,2,6
06/30/2012,Brésil,BR,Google Vidéos,Confidentialité et sécurité,1,0,1
06/30/2012,Brésil,BR,Gmail,Confidentialité et sécurité,0,1,1
06/30/2012,Brésil,BR,YouTube,Confidentialité et sécurité,7,2,21
06/30/2012,Brésil,BR,Google Documents,Confidentialité et sécurité,0,1,5
06/30/2012,Brésil,BR,YouTube,Diffamation,42,3,137
06/30/2012,Brésil,BR,Blogger,Critiques à l'égard du gouvernement,0,1,7
06/30/2012,Brésil,BR,YouTube,Violence,2,2,8
06/30/2012,Irlande,IE,YouTube,Incitation à la haine,0,1,1
12/31/2012,Ukraine,UA,Google Sites,Diffamation,0,1,1
12/31/2012,République dominicaine,DO,YouTube,Diffamation,0,1,1
12/31/2012,Brunéi Darussalam,BN,YouTube,Blasphème,0,1,1
12/31/2012,Djibouti,DJ,YouTube,Blasphème,0,1,1
12/31/2012,Corée du Sud,KR,Google Code,Confidentialité et sécurité,0,2,3
12/31/2012,Corée du Sud,KR,YouTube,Sécurité nationale,0,1,1
12/31/2012,Corée du Sud,KR,YouTube,Critiques à l'égard du gouvernement,0,1,1
12/31/2012,Corée du Sud,KR,Blogger,Confidentialité et sécurité,0,7,10
12/31/2012,Corée du Sud,KR,YouTube,Confidentialité et sécurité,0,16,16
12/31/2012,Corée du Sud,KR,Recherche sur le Web Google,Confidentialité et sécurité,0,6,14
12/31/2012,Corée du Sud,KR,Google Groupes,Confidentialité et sécurité,0,1,2
12/31/2012,Corée du Sud,KR,Applications Google Play,Autre,0,22,674
12/31/2012,Pays-Bas,NL,Recherche sur le Web Google,Diffamation,3,0,34
12/31/2012,Pays-Bas,NL,Blogger,Diffamation,3,0,6
12/31/2012,Pays-Bas,NL,YouTube,Droits d'auteur,0,1,1
12/31/2012,Pays-Bas,NL,YouTube,Confidentialité et sécurité,0,1,1
12/31/2012,Suisse,CH,Recherche sur le Web Google,Diffamation,9,0,9
12/31/2012,Suisse,CH,Blogger,Diffamation,2,0,63
12/31/2012,Suisse,CH,YouTube,Diffamation,0,1,15
12/31/2012,Grèce,GR,Recherche sur le Web Google,Diffamation,1,0,2
12/31/2012,Grèce,GR,Blogger,Diffamation,1,1,13
12/31/2012,Grèce,GR,YouTube,Incitation au suicide,0,1,1
12/31/2012,Grèce,GR,YouTube,Incitation à la haine,0,1,1
12/31/2012,Grèce,GR,YouTube,Violence,0,1,1
12/31/2012,Chypre,CY,YouTube,Confidentialité et sécurité,0,1,1
12/31/2012,Argentine,AR,Blogger,Sécurité nationale,1,0,1
12/31/2012,Argentine,AR,Recherche sur le Web Google : saisie semi-automatique,Diffamation,1,0,3
12/31/2012,Argentine,AR,Blogger,Confidentialité et sécurité,2,0,2
12/31/2012,Argentine,AR,Blogger,Diffamation,5,3,14
12/31/2012,Argentine,AR,Recherche sur le Web Google,Sécurité nationale,1,0,7
12/31/2012,Argentine,AR,YouTube,Contenu réservé aux adultes,0,2,2
12/31/2012,Argentine,AR,Google Images,Confidentialité et sécurité,2,0,11
12/31/2012,Argentine,AR,YouTube,Sécurité nationale,1,0,1
12/31/2012,Argentine,AR,Recherche sur le Web Google,Diffamation,28,2,78
12/31/2012,Argentine,AR,YouTube,Critiques à l'égard du gouvernement,0,1,1
12/31/2012,Argentine,AR,Recherche sur le Web Google,Autre,1,0,6
12/31/2012,Argentine,AR,YouTube,Confidentialité et sécurité,2,1,7
12/31/2012,Argentine,AR,Recherche sur le Web Google,Confidentialité et sécurité,7,0,38
12/31/2012,Nouvelle-Zélande,NZ,Recherche sur le Web Google,Diffamation,1,0,4
12/31/2012,Nouvelle-Zélande,NZ,Blogger,Diffamation,2,0,4
12/31/2012,Nouvelle-Zélande,NZ,YouTube,Usurpation d'identité,0,1,2
12/31/2012,Nouvelle-Zélande,NZ,YouTube,Contenu réservé aux adultes,0,1,33
12/31/2012,Nouvelle-Zélande,NZ,Recherche sur le Web Google,Raison non spécifiée,1,0,5
12/31/2012,Nouvelle-Zélande,NZ,Gmail,Usurpation d'identité,0,1,1
12/31/2012,Jordanie,JO,YouTube,Blasphème,0,4,233
12/31/2012,Maldives,MV,YouTube,Blasphème,0,1,1
12/31/2012,Canada,CA,Google AdWords,Autre,1,0,1
12/31/2012,Canada,CA,Recherche sur le Web Google,Diffamation,0,1,1
12/31/2012,Canada,CA,Recherche sur le Web Google,Droits d'auteur,1,0,26
12/31/2012,Canada,CA,Google+ Local,Diffamation,1,0,6
12/31/2012,Canada,CA,Blogger,Diffamation,3,0,10
12/31/2012,Canada,CA,Recherche sur le Web Google,Autre,1,0,242
12/31/2012,Canada,CA,YouTube,Incitation à la haine,0,1,1
12/31/2012,Canada,CA,YouTube,Confidentialité et sécurité,0,1,1
12/31/2012,Canada,CA,YouTube,Droits d'auteur,0,2,4
12/31/2012,Émirats arabes unis,AE,Blogger,Incitation à la haine,0,1,1
12/31/2012,Émirats arabes unis,AE,Applications Google Play,Contenu réservé aux adultes,0,1,43
12/31/2012,Émirats arabes unis,AE,YouTube,Blasphème,0,1,6
12/31/2012,Émirats arabes unis,AE,Recherche sur le Web Google,Raison non spécifiée,1,0,13
12/31/2012,Venezuela,VE,YouTube,Droits d'auteur,0,1,1
12/31/2012,Australie,AU,Recherche sur le Web Google,Diffamation,2,0,2
12/31/2012,Australie,AU,YouTube,Sécurité nationale,0,2,2
12/31/2012,Australie,AU,Recherche sur le Web Google,Intimidation/Harcèlement,0,1,1
12/31/2012,Australie,AU,Google+ Local,Diffamation,0,1,1
12/31/2012,Australie,AU,Recherche sur le Web Google : recherches associées,Intimidation/Harcèlement,2,0,3
12/31/2012,Australie,AU,YouTube,Marque,0,2,124
12/31/2012,Australie,AU,Blogger,Diffamation,2,0,8
12/31/2012,Australie,AU,YouTube,Usurpation d'identité,0,1,1
12/31/2012,Australie,AU,YouTube,Droits d'auteur,0,1,1
12/31/2012,Australie,AU,YouTube,Blasphème,0,1,1
12/31/2012,Australie,AU,Google+ Local,Autre,0,1,1
12/31/2012,Israël,IL,Applications Google Play,Marque,0,1,1
12/31/2012,Israël,IL,Recherche sur le Web Google,Critiques à l'égard du gouvernement,0,1,1
12/31/2012,Israël,IL,YouTube,Droits d'auteur,0,1,1
12/31/2012,Israël,IL,Recherche sur le Web Google,Confidentialité et sécurité,2,0,5
12/31/2012,Israël,IL,YouTube,Diffamation,0,3,5
12/31/2012,Bangladesh,BD,YouTube,Incitation à la haine,0,1,1
12/31/2012,Bangladesh,BD,YouTube,Blasphème,0,2,10
12/31/2012,France,FR,Gmail,Raison non spécifiée,0,2,2
12/31/2012,France,FR,Google Images,Diffamation,1,0,4
12/31/2012,France,FR,Google+ Local,Diffamation,0,1,1
12/31/2012,France,FR,Recherche sur le Web Google : recherches associées,Diffamation,1,0,1
12/31/2012,France,FR,Blogger,Diffamation,12,0,136
12/31/2012,France,FR,Google+ Local,Confidentialité et sécurité,0,1,10
12/31/2012,France,FR,YouTube,Contenu réservé aux adultes,0,3,3
12/31/2012,France,FR,YouTube,Incitation à la haine,0,1,4
12/31/2012,France,FR,YouTube,Droits d'auteur,0,4,14
12/31/2012,France,FR,Recherche sur le Web Google,Marque,1,0,5
12/31/2012,France,FR,YouTube,Raison non spécifiée,0,5,5
12/31/2012,France,FR,Blogger,Raison non spécifiée,0,1,1
12/31/2012,France,FR,Recherche sur le Web Google,Diffamation,14,0,126
12/31/2012,France,FR,YouTube,Autre,0,1,1
12/31/2012,France,FR,YouTube,Intimidation/Harcèlement,0,3,3
12/31/2012,France,FR,Gmail,Confidentialité et sécurité,0,1,1
12/31/2012,France,FR,Recherche sur le Web Google,Autre,1,0,7
12/31/2012,France,FR,YouTube,Confidentialité et sécurité,0,1,3
12/31/2012,France,FR,Recherche sur le Web Google,Confidentialité et sécurité,1,0,1
12/31/2012,France,FR,YouTube,Diffamation,1,0,2
12/31/2012,France,FR,YouTube,Violence,0,1,1
12/31/2012,France,FR,Blogger,Critiques à l'égard du gouvernement,0,1,1
12/31/2012,Sierra Leone,SL,YouTube,Violence,0,1,60
12/31/2012,Malaisie,MY,YouTube,Droits d'auteur,0,1,1
12/31/2012,Malaisie,MY,YouTube,Blasphème,0,11,581
12/31/2012,Mexique,MX,YouTube,Critiques à l'égard du gouvernement,0,1,1
12/31/2012,Mexique,MX,Blogger,Confidentialité et sécurité,0,1,1
12/31/2012,Mexique,MX,Blogger,Diffamation,2,5,12
12/31/2012,Mexique,MX,YouTube,Confidentialité et sécurité,0,1,1
12/31/2012,Mexique,MX,Blogger,Critiques à l'égard du gouvernement,0,1,1
12/31/2012,Luxembourg,LU,Recherche sur le Web Google,Diffamation,1,0,1
12/31/2012,Pakistan,PK,Recherche sur le Web Google,Diffamation,1,0,6
12/31/2012,Pakistan,PK,YouTube,Autre,0,1,1
12/31/2012,Croatie,HR,Recherche sur le Web Google,Droits d'auteur,1,0,2
12/31/2012,Népal,NP,YouTube,Contenu réservé aux adultes,0,1,4
12/31/2012,Pologne,PL,Recherche sur le Web Google,Diffamation,1,0,4
12/31/2012,Pologne,PL,YouTube,Autre,0,1,1
12/31/2012,Pologne,PL,YouTube,Marque,0,2,2
12/31/2012,Pologne,PL,Blogger,Diffamation,1,0,2
12/31/2012,Pologne,PL,YouTube,Confidentialité et sécurité,0,1,1
12/31/2012,Pologne,PL,Recherche sur le Web Google,Marque,2,0,6
12/31/2012,Allemagne,DE,Google+ Local,Diffamation,2,0,3
12/31/2012,Allemagne,DE,Recherche sur le Web Google : saisie semi-automatique,Diffamation,1,0,1
12/31/2012,Allemagne,DE,Blogger,Diffamation,10,1,53
12/31/2012,Allemagne,DE,YouTube,Droits d'auteur,0,2,23
12/31/2012,Allemagne,DE,Blogger,Autre,2,0,2
12/31/2012,Allemagne,DE,Blogger,Marque,1,0,24
12/31/2012,Allemagne,DE,YouTube,Critiques à l'égard du gouvernement,0,1,1
12/31/2012,Allemagne,DE,YouTube,Autre,0,2,16
12/31/2012,Allemagne,DE,Recherche sur le Web Google,Autre,4,0,27
12/31/2012,Allemagne,DE,Picasa Albums Web,Confidentialité et sécurité,0,1,1
12/31/2012,Allemagne,DE,Google Groupes,Diffamation,1,0,1
12/31/2012,Allemagne,DE,Blogger,Droits d'auteur,0,1,1
12/31/2012,Allemagne,DE,Google Images,Diffamation,4,0,8
12/31/2012,Allemagne,DE,YouTube,Incitation à la haine,0,4,144
12/31/2012,Allemagne,DE,Recherche sur le Web Google,Contenu réservé aux adultes,0,6,208
12/31/2012,Allemagne,DE,YouTube,Contenu réservé aux adultes,0,1,17
12/31/2012,Allemagne,DE,Google Groupes,Violence,0,1,1
12/31/2012,Allemagne,DE,Recherche sur le Web Google,Diffamation,157,3,491
12/31/2012,Allemagne,DE,YouTube,Sécurité nationale,0,1,1
12/31/2012,Allemagne,DE,Gmail,Autre,1,0,1
12/31/2012,Allemagne,DE,YouTube,Marque,0,2,11
12/31/2012,Allemagne,DE,YouTube,Confidentialité et sécurité,4,6,21
12/31/2012,Allemagne,DE,YouTube,Diffamation,5,3,19
12/31/2012,Allemagne,DE,YouTube,Violence,0,4,30
12/31/2012,Italie,IT,Google Documents,Diffamation,1,0,1
12/31/2012,Italie,IT,Blogger,Confidentialité et sécurité,1,0,1
12/31/2012,Italie,IT,Blogger,Diffamation,7,0,21
12/31/2012,Italie,IT,Google Sites,Autre,0,1,1
12/31/2012,Italie,IT,YouTube,Contenu réservé aux adultes,0,1,1
12/31/2012,Italie,IT,Google Bloc-notes,Diffamation,1,0,1
12/31/2012,Italie,IT,Recherche sur le Web Google,Marque,1,0,24
12/31/2012,Italie,IT,Picasa Albums Web,Marque,1,0,36
12/31/2012,Italie,IT,Recherche sur le Web Google,Diffamation,3,0,7
12/31/2012,Italie,IT,YouTube,Critiques à l'égard du gouvernement,0,1,1
12/31/2012,Italie,IT,YouTube,Intimidation/Harcèlement,0,1,1
12/31/2012,Italie,IT,YouTube,Marque,1,0,1
12/31/2012,Italie,IT,Recherche sur le Web Google,Autre,2,0,2
12/31/2012,Italie,IT,YouTube,Confidentialité et sécurité,2,0,6
12/31/2012,Italie,IT,Google Groupes,Diffamation,1,0,1
12/31/2012,Italie,IT,YouTube,Diffamation,2,0,6
12/31/2012,Japon,JP,Recherche sur le Web Google,Diffamation,1,0,37
12/31/2012,Japon,JP,Recherche sur le Web Google,Confidentialité et sécurité,1,0,1
12/31/2012,Japon,JP,Google+ Local,Critiques à l'égard du gouvernement,0,1,1
12/31/2012,Japon,JP,Recherche sur le Web Google,Raison non spécifiée,3,0,39
12/31/2012,Japon,JP,YouTube,Diffamation,0,1,10
12/31/2012,Japon,JP,Google Documents,Droits d'auteur,0,1,2
12/31/2012,Japon,JP,Blogger,Raison non spécifiée,1,0,1
12/31/2012,Madagascar,MG,Blogger,Diffamation,2,0,2
12/31/2012,Inde,IN,Gmail,Raison non spécifiée,0,1,1
12/31/2012,Inde,IN,Google+ Local,Diffamation,0,1,1
12/31/2012,Inde,IN,Google+,Confidentialité et sécurité,1,0,1
12/31/2012,Inde,IN,orkut,Usurpation d'identité,1,3,6
12/31/2012,Inde,IN,Blogger,Confidentialité et sécurité,0,3,3
12/31/2012,Inde,IN,Blogger,Diffamation,3,2,23
12/31/2012,Inde,IN,YouTube,Droits d'auteur,0,1,1
12/31/2012,Inde,IN,Google Vidéos,Droits d'auteur,1,0,1
12/31/2012,Inde,IN,Recherche sur le Web Google,Marque,1,0,1
12/31/2012,Inde,IN,Google Maps,Conflit géographique,0,1,5
12/31/2012,Inde,IN,orkut,Diffamation,0,2,3
12/31/2012,Inde,IN,Google Livres,Droits d'auteur,1,0,1
12/31/2012,Inde,IN,Blogger,Raison non spécifiée,0,2,3
12/31/2012,Inde,IN,YouTube,Autre,0,1,1
12/31/2012,Inde,IN,YouTube,Intimidation/Harcèlement,0,4,10
12/31/2012,Inde,IN,Google Earth,Sécurité nationale,0,1,1
12/31/2012,Inde,IN,Picasa Albums Web,Confidentialité et sécurité,1,0,12
12/31/2012,Inde,IN,YouTube,Blasphème,5,54,2328
12/31/2012,Inde,IN,Recherche sur le Web Google,Confidentialité et sécurité,2,3,256
12/31/2012,Inde,IN,Picasa Albums Web,Usurpation d'identité,1,0,1
12/31/2012,Inde,IN,Google+,Blasphème,0,1,4
12/31/2012,Inde,IN,Blogger,Droits d'auteur,6,0,6
12/31/2012,Inde,IN,Google Images,Diffamation,1,0,3
12/31/2012,Inde,IN,Google+ Local,Confidentialité et sécurité,1,0,1
12/31/2012,Inde,IN,YouTube,Contenu réservé aux adultes,0,3,5
12/31/2012,Inde,IN,Recherche sur le Web Google,Contenu réservé aux adultes,0,1,5
12/31/2012,Inde,IN,Google Images,Blasphème,0,1,1
12/31/2012,Inde,IN,YouTube,Incitation à la haine,0,1,5
12/31/2012,Inde,IN,YouTube,Raison non spécifiée,0,3,13
12/31/2012,Inde,IN,orkut,Raison non spécifiée,0,1,1
12/31/2012,Inde,IN,Profils Google,Usurpation d'identité,0,1,1
12/31/2012,Inde,IN,Recherche sur le Web Google,Diffamation,7,3,48
12/31/2012,Inde,IN,orkut,Confidentialité et sécurité,1,1,3
12/31/2012,Inde,IN,Recherche sur le Web Google,Blasphème,0,1,1
12/31/2012,Inde,IN,Blogger,Contenu réservé aux adultes,0,1,3
12/31/2012,Inde,IN,YouTube,Marque,0,1,13
12/31/2012,Inde,IN,Blogger,Blasphème,0,3,4
12/31/2012,Inde,IN,Gmail,Confidentialité et sécurité,0,1,1
12/31/2012,Inde,IN,YouTube,Confidentialité et sécurité,0,6,9
12/31/2012,Inde,IN,Google Groupes,Confidentialité et sécurité,1,0,1
12/31/2012,Inde,IN,YouTube,Diffamation,3,10,61
12/31/2012,Inde,IN,YouTube,Violence,1,4,94
12/31/2012,Timor oriental,TL,Blogger,Diffamation,0,1,1
12/31/2012,Norvège,NO,Google AdWords,Autre,0,1,4
12/31/2012,Norvège,NO,YouTube,Consommation de drogues,0,1,1
12/31/2012,Taïwan,TW,Google AdWords,Autre,0,1,1
12/31/2012,Taïwan,TW,Recherche sur le Web Google,Diffamation,0,1,1
12/31/2012,Taïwan,TW,YouTube,Autre,0,3,3
12/31/2012,Taïwan,TW,Blogger,Diffamation,0,1,3
12/31/2012,Taïwan,TW,Recherche sur le Web Google,Autre,0,2,3
12/31/2012,Taïwan,TW,Recherche sur le Web Google,Confidentialité et sécurité,0,1,1
12/31/2012,Taïwan,TW,Blogger,Autre,0,1,1
12/31/2012,Monaco,MC,Blogger,Critiques à l'égard du gouvernement,1,0,5
12/31/2012,Chili,CL,Blogger,Diffamation,1,1,2
12/31/2012,Chili,CL,Recherche sur le Web Google,Confidentialité et sécurité,0,1,1
12/31/2012,Chili,CL,YouTube,Raison non spécifiée,1,0,1
12/31/2012,Liban,LB,YouTube,Droits d'auteur,0,1,1
12/31/2012,Liban,LB,YouTube,Blasphème,1,1,2
12/31/2012,Russie,RU,Google App Engine,Incitation au suicide,0,1,1
12/31/2012,Russie,RU,Blogger,Diffamation,2,1,3
12/31/2012,Russie,RU,Blogger,Consommation de drogues,1,18,19
12/31/2012,Russie,RU,YouTube,Consommation de drogues,0,21,21
12/31/2012,Russie,RU,YouTube,Incitation à la haine,0,1,1
12/31/2012,Russie,RU,Blogger,Incitation au suicide,0,1,1
12/31/2012,Russie,RU,ответы,Incitation au suicide,0,22,22
12/31/2012,Russie,RU,YouTube,Incitation au suicide,0,30,30
12/31/2012,Russie,RU,ответы,Consommation de drogues,0,4,4
12/31/2012,Russie,RU,Recherche sur le Web Google,Incitation au suicide,0,2,2
12/31/2012,Russie,RU,YouTube,Confidentialité et sécurité,0,3,3
12/31/2012,Russie,RU,Google Sites,Consommation de drogues,0,7,7
12/31/2012,Belgique,BE,Google Images,Confidentialité et sécurité,0,1,1
12/31/2012,Belgique,BE,Google+,Usurpation d'identité,0,1,1
12/31/2012,Belgique,BE,YouTube,Contenu réservé aux adultes,0,12,17
12/31/2012,Belgique,BE,YouTube,Confidentialité et sécurité,0,1,1
12/31/2012,Belgique,BE,Blogger,Usurpation d'identité,0,1,1
12/31/2012,Belgique,BE,YouTube,Diffamation,2,1,10
12/31/2012,Belgique,BE,Blogger,Droits d'auteur,0,1,1
12/31/2012,Kenya,KE,Blogger,Diffamation,1,0,1
12/31/2012,Palestine,PS,Blogger,Diffamation,1,0,5
12/31/2012,Afrique du Sud,ZA,Recherche sur le Web Google,Diffamation,2,0,7
12/31/2012,Afrique du Sud,ZA,Blogger,Diffamation,1,0,1
12/31/2012,Suède,SE,Google AdWords,Autre,0,1,1
12/31/2012,République tchèque,CZ,Recherche sur le Web Google,Diffamation,2,0,10
12/31/2012,République tchèque,CZ,YouTube,Contenu réservé aux adultes,1,0,1
12/31/2012,Iran,IR,YouTube,Blasphème,0,1,4
12/31/2012,Arabie saoudite,SA,YouTube,Blasphème,0,5,353
12/31/2012,Indonésie,ID,Blogger,Diffamation,0,1,1
12/31/2012,Indonésie,ID,Recherche sur le Web Google,Contenu réservé aux adultes,0,1,1
12/31/2012,Indonésie,ID,YouTube,Blasphème,0,1,45
12/31/2012,Macédoine,MK,YouTube,Confidentialité et sécurité,0,1,1
12/31/2012,Colombie,CO,Blogger,Confidentialité et sécurité,0,1,1
12/31/2012,Colombie,CO,Gmail,Confidentialité et sécurité,0,1,1
12/31/2012,Espagne,ES,Gmail,Raison non spécifiée,1,0,1
12/31/2012,Espagne,ES,Picasa Albums Web,Autre,0,1,1
12/31/2012,Espagne,ES,Blogger,Confidentialité et sécurité,0,4,4
12/31/2012,Espagne,ES,Blogger,Diffamation,6,1,11
12/31/2012,Espagne,ES,Blogger,Autre,0,3,3
12/31/2012,Espagne,ES,Gmail,Usurpation d'identité,0,1,1
12/31/2012,Espagne,ES,YouTube,Raison non spécifiée,0,1,1
12/31/2012,Espagne,ES,Blogger,Raison non spécifiée,1,5,6
12/31/2012,Espagne,ES,YouTube,Sécurité nationale,0,2,2
12/31/2012,Espagne,ES,Recherche sur le Web Google,Diffamation,1,0,1
12/31/2012,Espagne,ES,Recherche sur le Web Google : saisie semi-automatique,Confidentialité et sécurité,0,1,1
12/31/2012,Espagne,ES,YouTube,Intimidation/Harcèlement,0,1,3
12/31/2012,Espagne,ES,Blogger,Contenu réservé aux adultes,0,1,1
12/31/2012,Espagne,ES,Google Images,Contenu réservé aux adultes,0,1,1
12/31/2012,Espagne,ES,YouTube,Confidentialité et sécurité,0,10,12
12/31/2012,Espagne,ES,Google Groupes,Diffamation,1,0,1
12/31/2012,Espagne,ES,Recherche sur le Web Google,Confidentialité et sécurité,0,25,134
12/31/2012,Espagne,ES,YouTube,Diffamation,1,2,4
12/31/2012,Espagne,ES,Blogger,Critiques à l'égard du gouvernement,1,0,1
12/31/2012,Pérou,PE,Recherche sur le Web Google,Diffamation,0,1,3
12/31/2012,Pérou,PE,Blogger,Diffamation,1,1,3
12/31/2012,Pérou,PE,YouTube,Incitation à la haine,0,1,2
12/31/2012,Pérou,PE,YouTube,Diffamation,0,2,3
12/31/2012,Hongrie,HU,Google AdWords,Autre,1,0,29
12/31/2012,Hongrie,HU,YouTube,Critiques à l'égard du gouvernement,0,1,1
12/31/2012,Hongrie,HU,Blogger,Diffamation,1,0,1
12/31/2012,Turquie,TR,Blogger,Sécurité nationale,0,1,5
12/31/2012,Turquie,TR,Blogger,Diffamation,35,8,187
12/31/2012,Turquie,TR,Google Images,Intimidation/Harcèlement,1,0,8
12/31/2012,Turquie,TR,YouTube,Consommation de drogues,0,1,1
12/31/2012,Turquie,TR,YouTube,Droits d'auteur,0,1,8
12/31/2012,Turquie,TR,YouTube,Critiques à l'égard du gouvernement,2,9,63
12/31/2012,Turquie,TR,YouTube,Autre,3,0,130
12/31/2012,Turquie,TR,Picasa Albums Web,Raison non spécifiée,0,1,3
12/31/2012,Turquie,TR,YouTube,Intimidation/Harcèlement,0,2,6
12/31/2012,Turquie,TR,Recherche sur le Web Google,Confidentialité et sécurité,3,0,4
12/31/2012,Turquie,TR,YouTube,Blasphème,1,17,970
12/31/2012,Turquie,TR,Google+,Autre,0,1,1
12/31/2012,Turquie,TR,Blogger,Incitation à la haine,0,1,9
12/31/2012,Turquie,TR,Google Images,Diffamation,1,0,1
12/31/2012,Turquie,TR,Recherche sur le Web Google,Droits d'auteur,19,0,8344
12/31/2012,Turquie,TR,Google Documents,Diffamation,0,2,4
12/31/2012,Turquie,TR,YouTube,Contenu réservé aux adultes,2,1,5
12/31/2012,Turquie,TR,Google Images,Usurpation d'identité,1,0,5
12/31/2012,Turquie,TR,YouTube,Sécurité nationale,0,3,18
12/31/2012,Turquie,TR,Recherche sur le Web Google,Diffamation,8,0,95
12/31/2012,Turquie,TR,Blogger,Contenu réservé aux adultes,0,11,68
12/31/2012,Turquie,TR,YouTube,Marque,2,0,4
12/31/2012,Turquie,TR,Google Documents,Confidentialité et sécurité,0,1,1
12/31/2012,Turquie,TR,YouTube,Confidentialité et sécurité,0,1,1
12/31/2012,Turquie,TR,YouTube,Diffamation,8,4,75
12/31/2012,Turquie,TR,Blogger,Critiques à l'égard du gouvernement,1,5,22
12/31/2012,États-Unis,US,Gmail,Raison non spécifiée,1,0,1
12/31/2012,États-Unis,US,Google Scholar,Autre,1,0,1
12/31/2012,États-Unis,US,Blogger,Intimidation/Harcèlement,4,0,5
12/31/2012,États-Unis,US,Google+ Local,Diffamation,5,0,9
12/31/2012,États-Unis,US,Recherche sur le Web Google : saisie semi-automatique,Diffamation,1,0,1
12/31/2012,États-Unis,US,Google Groupes,Droits d'auteur,0,1,1
12/31/2012,États-Unis,US,Google Apps,Usurpation d'identité,0,1,1
12/31/2012,États-Unis,US,Blogger,Confidentialité et sécurité,5,0,12
12/31/2012,États-Unis,US,Blogger,Diffamation,68,0,135
12/31/2012,États-Unis,US,YouTube,Usurpation d'identité,0,2,9
12/31/2012,États-Unis,US,Google Sites,Autre,0,1,1
12/31/2012,États-Unis,US,Picasa Albums Web,Diffamation,2,0,15
12/31/2012,États-Unis,US,Recherche sur le Web Google,Raison non spécifiée,1,0,1
12/31/2012,États-Unis,US,Recherche sur le Web Google,Marque,8,0,194
12/31/2012,États-Unis,US,Blogger,Raison non spécifiée,2,0,3
12/31/2012,États-Unis,US,Google AdWords,Autre,0,10,227
12/31/2012,États-Unis,US,Blogger,Marque,1,0,1
12/31/2012,États-Unis,US,YouTube,Critiques à l'égard du gouvernement,1,2,3
12/31/2012,États-Unis,US,Google+,Diffamation,3,0,6
12/31/2012,États-Unis,US,YouTube,Intimidation/Harcèlement,1,3,7
12/31/2012,États-Unis,US,Recherche sur le Web Google,Autre,7,0,58
12/31/2012,États-Unis,US,Google Groupes,Diffamation,12,0,1730
12/31/2012,États-Unis,US,YouTube,Blasphème,0,1,1
12/31/2012,États-Unis,US,Recherche sur le Web Google,Confidentialité et sécurité,23,7,40
12/31/2012,États-Unis,US,Google Sites,Usurpation d'identité,0,1,1
12/31/2012,États-Unis,US,Blogger,Droits d'auteur,1,0,1
12/31/2012,États-Unis,US,Google Images,Diffamation,2,0,4
12/31/2012,États-Unis,US,Recherche sur le Web Google,Droits d'auteur,5,1,68
12/31/2012,États-Unis,US,Google Documents,Diffamation,1,0,2
12/31/2012,États-Unis,US,Applications Google Play,Marque,1,0,1
12/31/2012,États-Unis,US,YouTube,Contenu réservé aux adultes,0,1,1
12/31/2012,États-Unis,US,YouTube,Raison non spécifiée,0,3,9
12/31/2012,États-Unis,US,Google Sites,Confidentialité et sécurité,1,0,1
12/31/2012,États-Unis,US,Profils Google,Diffamation,1,0,1
12/31/2012,États-Unis,US,Google Images,Confidentialité et sécurité,9,0,18
12/31/2012,États-Unis,US,Recherche sur le Web Google,Diffamation,87,0,1217
12/31/2012,États-Unis,US,Applications Google Play,Droits d'auteur,1,0,1
12/31/2012,États-Unis,US,Blogger,Contenu réservé aux adultes,1,0,6
12/31/2012,États-Unis,US,YouTube,Marque,0,4,4
12/31/2012,États-Unis,US,YouTube,Confidentialité et sécurité,1,8,17
12/31/2012,États-Unis,US,Google Scholar,Confidentialité et sécurité,1,0,3
12/31/2012,États-Unis,US,YouTube,Diffamation,2,0,91
12/31/2012,États-Unis,US,YouTube,Violence,0,5,8
12/31/2012,États-Unis,US,Google AdWords,Marque,2,8,40
12/31/2012,Royaume-Uni,GB,Recherche sur le Web Google : saisie semi-automatique,Diffamation,1,0,3
12/31/2012,Royaume-Uni,GB,Google+ Local,Diffamation,1,0,1
12/31/2012,Royaume-Uni,GB,Blogger,Confidentialité et sécurité,1,0,3
12/31/2012,Royaume-Uni,GB,Gmail,Sécurité nationale,0,1,1
12/31/2012,Royaume-Uni,GB,Blogger,Diffamation,11,1,22
12/31/2012,Royaume-Uni,GB,Google Sites,Autre,0,1,2
12/31/2012,Royaume-Uni,GB,YouTube,Droits d'auteur,0,3,5
12/31/2012,Royaume-Uni,GB,Recherche sur le Web Google,Raison non spécifiée,1,0,1
12/31/2012,Royaume-Uni,GB,Google AdWords,Autre,12,4,45
12/31/2012,Royaume-Uni,GB,YouTube,Critiques à l'égard du gouvernement,0,1,1
12/31/2012,Royaume-Uni,GB,YouTube,Autre,0,3,5
12/31/2012,Royaume-Uni,GB,YouTube,Intimidation/Harcèlement,0,9,36
12/31/2012,Royaume-Uni,GB,Recherche sur le Web Google,Confidentialité et sécurité,1,0,1
12/31/2012,Royaume-Uni,GB,Google Images,Diffamation,1,0,3
12/31/2012,Royaume-Uni,GB,YouTube,Incitation à la haine,0,1,1
12/31/2012,Royaume-Uni,GB,YouTube,Contenu réservé aux adultes,0,1,1
12/31/2012,Royaume-Uni,GB,YouTube,Raison non spécifiée,0,2,8
12/31/2012,Royaume-Uni,GB,Google Images,Confidentialité et sécurité,1,0,24
12/31/2012,Royaume-Uni,GB,Recherche sur le Web Google,Diffamation,6,1,10
12/31/2012,Royaume-Uni,GB,YouTube,Sécurité nationale,0,9,58
12/31/2012,Royaume-Uni,GB,YouTube,Marque,0,5,17
12/31/2012,Royaume-Uni,GB,YouTube,Confidentialité et sécurité,0,14,17
12/31/2012,Royaume-Uni,GB,YouTube,Diffamation,0,1,1
12/31/2012,Royaume-Uni,GB,Blogger,Critiques à l'égard du gouvernement,0,1,1
12/31/2012,Royaume-Uni,GB,YouTube,Violence,0,9,19
12/31/2012,Portugal,PT,Recherche sur le Web Google,Diffamation,1,0,1
12/31/2012,Portugal,PT,Blogger,Diffamation,3,0,5
12/31/2012,Portugal,PT,Blogger,Raison non spécifiée,1,0,3
12/31/2012,Slovénie,SI,Blogger,Diffamation,2,0,4
12/31/2012,Kazakhstan,KZ,Blogger,Violence,0,1,1
12/31/2012,Kazakhstan,KZ,YouTube,Violence,0,1,22
12/31/2012,Danemark,DK,Recherche sur le Web Google,Diffamation,1,0,17
12/31/2012,Danemark,DK,YouTube,Critiques à l'égard du gouvernement,0,1,2
12/31/2012,Singapour,SG,YouTube,Blasphème,0,2,7
12/31/2012,Égypte,EG,YouTube,Blasphème,0,1,1
12/31/2012,Autriche,AT,Recherche sur le Web Google,Diffamation,3,1,127
12/31/2012,Autriche,AT,YouTube,Confidentialité et sécurité,0,1,1
12/31/2012,Autriche,AT,YouTube,Diffamation,1,0,2
12/31/2012,Brésil,BR,Gmail,Raison non spécifiée,1,0,1
12/31/2012,Brésil,BR,Google+ Local,Diffamation,1,0,2
12/31/2012,Brésil,BR,orkut,Usurpation d'identité,20,2,24
12/31/2012,Brésil,BR,Blogger,Diffamation,62,4,115
12/31/2012,Brésil,BR,Recherche sur le Web Google,Droit électoral,10,0,10
12/31/2012,Brésil,BR,Picasa Albums Web,Diffamation,2,0,2
12/31/2012,Brésil,BR,Recherche sur le Web Google,Raison non spécifiée,14,2,21
12/31/2012,Brésil,BR,Blogger,Raison non spécifiée,4,6,17
12/31/2012,Brésil,BR,orkut,Incitation à la haine,3,0,11
12/31/2012,Brésil,BR,Picasa Albums Web,Raison non spécifiée,1,0,1
12/31/2012,Brésil,BR,Google+,Diffamation,2,0,2
12/31/2012,Brésil,BR,Picasa Albums Web,Confidentialité et sécurité,1,0,4
12/31/2012,Brésil,BR,Recherche sur le Web Google,Critiques à l'égard du gouvernement,0,2,5
12/31/2012,Brésil,BR,YouTube,Blasphème,0,1,2
12/31/2012,Brésil,BR,Blogger,Droits d'auteur,1,0,4
12/31/2012,Brésil,BR,Google Images,Diffamation,2,1,6
12/31/2012,Brésil,BR,YouTube,Droit électoral,235,3,426
12/31/2012,Brésil,BR,YouTube,Incitation à la haine,0,3,3
12/31/2012,Brésil,BR,YouTube,Raison non spécifiée,3,0,3
12/31/2012,Brésil,BR,Recherche sur le Web Google,Diffamation,40,0,172
12/31/2012,Brésil,BR,Gmail,Confidentialité et sécurité,1,0,1
12/31/2012,Brésil,BR,YouTube,Confidentialité et sécurité,10,0,22
12/31/2012,Brésil,BR,Gmail,Diffamation,2,0,2
12/31/2012,Brésil,BR,YouTube,Violence,1,1,3
12/31/2012,Brésil,BR,Google+,Confidentialité et sécurité,1,0,1
12/31/2012,Brésil,BR,Blogger,Confidentialité et sécurité,4,0,13
12/31/2012,Brésil,BR,Google+,Usurpation d'identité,2,0,2
12/31/2012,Brésil,BR,YouTube,Usurpation d'identité,1,0,4
12/31/2012,Brésil,BR,YouTube,Droits d'auteur,7,1,8
12/31/2012,Brésil,BR,Blogger,Autre,7,3,189
12/31/2012,Brésil,BR,orkut,Diffamation,28,1,57
12/31/2012,Brésil,BR,orkut,Droit électoral,1,0,1
12/31/2012,Brésil,BR,Blogger,Marque,2,0,3
12/31/2012,Brésil,BR,Street View,Confidentialité et sécurité,3,0,3
12/31/2012,Brésil,BR,YouTube,Autre,2,2,4
12/31/2012,Brésil,BR,Blogger,Violence,1,0,2
12/31/2012,Brésil,BR,orkut,Autre,2,0,3
12/31/2012,Brésil,BR,Recherche sur le Web Google,Confidentialité et sécurité,16,2,80
12/31/2012,Brésil,BR,Gmail,Droit électoral,2,0,2
12/31/2012,Brésil,BR,Recherche sur le Web Google,Contenu réservé aux adultes,1,0,5
12/31/2012,Brésil,BR,YouTube,Contenu réservé aux adultes,5,4,11
12/31/2012,Brésil,BR,Blogger,Usurpation d'identité,3,1,9
12/31/2012,Brésil,BR,orkut,Raison non spécifiée,4,7,13
12/31/2012,Brésil,BR,orkut,Confidentialité et sécurité,1,2,3
12/31/2012,Brésil,BR,YouTube,Sécurité nationale,0,1,1
12/31/2012,Brésil,BR,Blogger,Contenu réservé aux adultes,0,1,1
12/31/2012,Brésil,BR,YouTube,Marque,1,0,1
12/31/2012,Brésil,BR,Blogger,Droit électoral,69,0,326
12/31/2012,Brésil,BR,YouTube,Diffamation,60,4,121
12/31/2012,Brésil,BR,Blogger,Critiques à l'égard du gouvernement,1,3,9
12/31/2012,Irlande,IE,YouTube,Intimidation/Harcèlement,0,1,6
12/31/2012,Irlande,IE,YouTube,Incitation au suicide,0,1,1
12/31/2012,Irlande,IE,Gmail,Confidentialité et sécurité,0,1,2
12/31/2012,Irlande,IE,YouTube,Diffamation,0,1,2
